ID,Mean,SD
21802141,52999,32525.49772101881
74904413,8380.416666666666,3156.418726063199
106708987,2260.1666666666665,522.2621830831598
5786026,1948.3584905660377,706.8158310430393
17735371,9081.4,5145.051632393984
12314127,14479.5,4728.81906127584
162066057,14051.101123595505,910.3905885655472
440738448,89461.09090909091,11177.164528525438
2222774106,3443.266666666667,377.0040622080197
140469731,590.8536585365854,106.88728596063287
1772352570,2222.4347826086955,308.0765586796651
13793866,205000,7071.067811865475
44114667,122400,16531.182655817458
152980628,488.9418604651163,77.02243441723178
3339385534,772.439024390244,154.54999980273178
46354572,79041.85714285714,62433.195997611634
69434797,46500,2121.3203435596424
154414805,3920,552.0615907668274
40893128,160000,NaN
48078122,4702.590909090909,1440.7441086397287
89615783,1044.2391304347825,224.25285181217586
321346550,500000,NaN
5207053,3405.4545454545455,606.6632894143542
61458403,5985.777777777777,1643.4766333734244
315549086,2854.785714285714,381.468453897149
1402433072,337224.75,75183.9587295721
1778004652,NaN,-0
2222720521,339472.125,57554.82419010218
13416321,24086.175675675677,2036.5329681493313
29109681,15076.857142857143,1893.9593788071138
31107926,28502.090909090908,3967.2228688226082
187845352,762.6825396825396,135.32014910846166
335085355,12374,2406.875900415308
557058485,4039.875,689.9974758407936
85157065680913,3004.235294117647,559.5782137565081
24659699,98207.75,125345.08666444276
1483632,3291.5,532.9184006385316
340623941,9858.166666666666,2567.16968014712
29410313,157666,13277.901490823013
66330204,163333,51854.968691534275
78621687,13958.166666666666,4025.866387085725
76692381,181.44444444444446,25.028983199482948
583721561,11702.38202247191,1066.2853799482189
76692831,276.15942028985506,62.50849899587909
69938945,3043.5,132.48521930137466
192562352,24550,7842.831121476479
10159606132,2901.3736263736264,1060.3337592826522
64160547,4099.5,1662.3315854545988
10855907451,274.92,49.36529393103984
12716490360,579.5333333333333,183.11452134641843
202074359,1144.7241379310344,235.9448931654115
14492601,184500,NaN
48039204,4704.4375,3051.2484432605615
67250836,577.8787878787879,105.62367087203913
75941738,22799.75,3563.0324514379604
89491407,3209.75,3121.8065625989248
425119181,2799.3684210526317,2311.92654656785
20573098,35102.22222222222,8731.497734893164
61847146,1239.3950617283951,157.62516288749285
61894723,2686.5,404.9705456661544
71499557,10319.5,6392.902653203264
148816890,8397.90909090909,1289.4105207066873
1323384,3969696,NaN
42781797,296.35064935064935,52.021950385786354
28672561,3276.4285714285716,602.7575126430355
439985494,201333.33333333334,12662.279942148387
119916848,17069.23076923077,35797.8298763902
22070807,1001.0975609756098,198.96655559139185
17238263,1608.1,334.4522719645095
18174901,672,60.67106211183201
22920501,158069.0588235294,16730.972881420363
33872870,306738.64285714284,102124.41107229279
19045610,35995,5652.611608805261
35167822,2379.8888888888887,365.3883018257578
49763745,2295.2948717948716,520.2985184344161
73791866,180000,NaN
64559537,43055.25,12029.464466764215
3798251754,155.62637362637363,16.558749517768117
82332662,48233.333333333336,24916.00548509599
96079188,1730.1363636363637,458.9295303778281
161212509,5579.4,1988.695627792247
250394348,1271.861111111111,233.86481476977588
259423244,20000000,NaN
26017873,9285.5,1691.9317784287707
64510677,10250,433.0127018922193
878889105,3599999,NaN
105342700,883.6774193548387,156.49587579161616
77443704,496999.5,66467.33032475428
383607653,28676.352941176472,4687.845293164767
25930613,15007.916666666666,4676.016456506024
68354832,4575.666666666667,1968.9711357288436
32278729,192500.5,60110.44036188722
17680660,200000,NaN
2257539462,5938.944444444444,1927.477915406318
152980763,245.55072463768116,46.09534116815228
22023239,2593.6,1221.811892232188
153028036,2493.0714285714284,733.8426224371916
22547617,15714.5,3272.2900674778643
116777778,9960.666666666666,961.5010833760581
250364732,199.74157303370785,42.689824231917285
375820845,6126.6,4010.0732911008
1082936,13348.166666666666,4133.007835301872
26417031,9865.444444444445,3431.3165516719346
53918608,8059,1549.6935987478298
149594126,1743.3846153846155,417.40558582381607
60115725,4483.111111111111,1112.0085930922976
62679779,3648.9666666666667,636.3310504345411
71484109,47555,NaN
98970218,45000,63639.61030678928
127506257,38367.75,10788.057004325266
144506058,2075.375,376.93640047095477
27599954,18632.125,9498.459716298366
178393560,14404,10212.126647602186
63700646,4066.6666666666665,814.4527815247078
553726283,2032.8636363636363,333.3088508325124
25977727,1158.3428571428572,202.3114871062097
503955938,4840.5,808.1867977144888
16744155285,35106.09090909091,6263.102177907454
10630526,5247.92,1961.7182892889116
250405532,14961.344827586207,1536.8050874614162
12908164,52506,70297.67765011871
1396360,22208.2,3830.8950912286805
11188705,1578.934065934066,294.0473809967745
121926643,3851.277777777778,571.3806607482653
161265873,1515.938775510204,207.55886797115988
8194165059,365.02941176470586,60.06788346434322
124745913,130000,NaN
55702704,3485.818181818182,1306.2033393145048
62742199,7727.857142857143,3818.1713087363096
8853102495,724.625,127.56134500361163
1213428661,2268.230769230769,537.969353812116
2830497827,2106.5862068965516,683.053988518863
46363048,7229.4,1473.2091840604307
341110180,29189.8,12947.011052748816
79446473,22282.428571428572,2045.3610811739213
102611668,197.03333333333333,28.37408613585544
183797762,9000,1414.213562373095
44522568,4271.714285714285,519.0702310496189
46158937,6454,1343.4359998579337
74937568,4935.25,946.2272076892676
29715011,1500000,NaN
41312638,22332.666666666668,8325.863398671236
27345567,474.95348837209303,127.81465505375989
158068226,412.16483516483515,44.01874947394923
51353085,2517.733333333333,442.72507861888204
74385438,4416.333333333333,664.8310060960355
81708766,2527.3333333333335,517.1231316943126
6803397504,272.74242424242425,35.060084955823434
100931472,4793.555555555556,1621.109196747023
121260018,82572.75,41256.15069598714
20064349,621.0459770114943,83.85035230972248
24941896,12835.25,1320.7713339812713
280988393,12097.625,3112.8785455404
63994465,25290.5,11593.709870935558
69486761,11659.7,10787.067164485032
162374695,12297.666666666666,1691.719342365433
63993237,14846.42857142857,4167.680964163118
31839042,3545,698.339745396179
50382508,11261.8,2332.8351910435995
150337838,1843.4285714285713,167.79139543180509
395201780,4301.333333333333,452.9632987340144
24826737,190.80232558139534,29.05281995726439
60357982,1623.5454545454545,508.78175353217296
483308034,10623.466666666667,1099.2138662742223
477859537,35750.4375,6755.334040285005
1180419690,1493333.3333333333,354447.92753426183
10860580,2232.68,764.2234468181846
74891545,700000,NaN
74938783,20000,0
89611341,8614.285714285714,1160.7161172146723
24832618,1001.825,211.9999863933232
50938765,49721.5,392.44426355853386
54694334,6465.125,1492.2430324371237
24826755,217.05263157894737,44.41047766367515
29716461,34053.36363636364,19485.38410333616
12503326,1277.9767441860465,185.53930252004147
155504606,2200,0
95245701,795.2962962962963,151.06310826294643
162067148,68000000,NaN
102618797,4050.2413793103447,838.2575318213206
117411380,25075,2813.249900026658
27171229,6948.285714285715,1529.8002826388497
28278529,14182.70588235294,1965.9516386697399
36883659,6429,1660.2492282786943
67200777,9988.285714285714,691.607719805988
134086163,22804.88888888889,5444.458821693035
20044845,8974,1232.8306182656777
327317662,223.17857142857142,35.23626305497184
41453045,3609.5,943.1654149723685
131592484,1740.3846153846155,395.88221247467806
108147460,23500,4949.747468305833
181354245,2822.2615384615383,435.53003903731627
12313531,86899.75,11391.426611711107
16652251,6666666,NaN
107458531,14449.833333333334,7631.334677935876
19264845,67147.73076923077,9171.446854483505
119916949,20000000,NaN
190247723,2780.1746031746034,512.6475095248366
51353061,2921.4285714285716,312.3426900760702
158068502,9338.3,2316.812180082317
63695803,4186.833333333333,2306.694294150542
76692437,172.16216216216216,23.970888181135912
97161222,4664,1737.6877356610037
51241522,48896,40557.26326319369
125013769,1500000,NaN
37818500,2640.1111111111113,540.9384078720155
402757021,264.6263736263736,83.49073778990878
35292167,95,NaN
52558745,2719.8333333333335,1981.796297974811
98253569,NaN,-0
108829742,14599.6,2275.3243285298913
191102109,25052.5,35281.09284730279
8795516,130000,NaN
462220417,15000,0
153584045,416.0833333333333,79.30533219327509
42847576,22249.75,4856.078690672135
91676854,2484.1111111111113,323.4986261348124
176087505,1948.25,376.4081742422229
1213485673,905.3731343283582,203.30107810390217
63994749,12137,5166.102635879822
153563710,263.68,50.106416485046836
10351018,6302.827586206897,772.5587850478952
134822876,1612.923076923077,179.2028845921679
32355759,5122.789473684211,974.6342093858922
61459718,39999.5,14142.842730512137
118280164,17380.6,16048.93184538391
60115635,229000,70873.12607751969
361950795,51666.666666666664,14640.1275039985
26424059,8655.4,3672.832367533264
689391156,499995,NaN
2830493868,59000,NaN
134087578,19999.6,4568.479046685012
52489004,9526.777777777777,6658.677510920952
68352536,10100,6843.24484437025
130106618,8676.916666666666,2088.1333316160776
152980562,484.0869565217391,112.15997029777631
159229806,1107500,342946.7888754755
20908915,142857,NaN
4786869155,152.34065934065933,14.35983579310307
28676186,100000,NaN
51243261,4838.166666666667,2175.770614441391
51243216,4031.285714285714,1398.6582515975463
81688955,7323.5,2000.355718366111
105340931,59093.769230769234,95191.01364550635
92800147120500,3462.340425531915,331.52501883396144
18482398,180000,NaN
106064277,35830.333333333336,13731.74001598729
153028352,685.2702702702703,102.81473323103732
153563851,1666.967741935484,1121.2780649440756
1191125008,3284.6813186813188,326.84246559129565
6803400584,282.038961038961,41.28031312306068
6807138720,354.5764705882353,72.56284246391245
32348239,6712.2,7306.839891498923
48395604,7999.6,1413.5065617109813
445117183,4390.243902439024,580.7318563884629
1533893,2884.9811320754716,621.921015593745
2568804274,27222.285714285714,12136.783438707937
96680926,1337.2666666666667,312.54185191011175
261827192,21359.75,11123.303973885391
77443461,95854.75,4416.792605122711
32199211,375000,NaN
52458643,250000,NaN
83021217,5899.6,1139.912628230778
300410799,45331.666666666664,17131.47712059101
85879456,2729.818181818182,480.29695359887893
1402441004,2465.4313725490197,450.62162641852694
38248947,2424.1111111111113,218.36062170435198
135470997,999999,NaN
483899424,9645.25,1692.3621164908334
1428424821,15398.478260869566,5376.112898482807
52554739,3674.1754385964914,709.4454605738358
1556204905,177.62637362637363,99.51098748397902
10487204569,8717.75,958.3633183714827
18015896,30448.555555555555,4289.459234889379
50453968,6615.625,1489.932878401862
60674719,5756.666666666667,1646.4204353688033
96103379,1743750,312500
221181437,20730.11111111111,3087.0744967878486
494291269,288708.1022727273,24574.636963462384
3210243135,5872.893939393939,2399.097273359216
10896900057,50000,NaN
39247220,11975.888888888889,4856.03244543435
102612531,55555,NaN
31313697,13499.666666666666,5765.7176772135945
286511631,8104.823529411765,1718.4786962344817
380201576,580000,NaN
6551281,30986.6,8202.826966732497
27295772,75555,NaN
74385418,7366.333333333333,550.1820910692508
11821667294,1016.4054054054054,134.1776309100613
5013615,17023.272727272728,3199.1576001581025
21439991,92000,2828.42712474619
97078407,268905.3333333333,135239.11910513663
319656563,6066.333333333333,3412.4918070719723
15967494,6532.5,661.1448404094219
63721732,9250,3889.0872965260114
62682888,7954,9599.556251318194
136789842,2685.25,364.52424963427137
2569001052,9334.25,2484.068336419109
40493240,190000,NaN
47697285,2500000,NaN
130113146,4075.2602739726026,496.49093723957844
147937443,9499.5,2122.027450340829
568920951,300000,NaN
835063865,2484.96875,364.0116520977086
4390888537,439000,206106.768447812
40892630,13187.375,5411.246567170479
212500257,4929.8,363.75156357052265
11564129929,801.9444444444445,102.52022642092061
24114402,766214.5,97662.395980665
155504507,3792.7272727272725,535.1889555865463
556821517,2902.4166666666665,461.5252619043583
21439778,10046.5,2757.835147357434
128206477,1642.75,383.62247066614856
152980413,178.86075949367088,22.408065270329875
244160118,565.8,66.28069880804485
10159872338,647.6190476190476,96.75509092056922
27296626,9216.333333333334,4904.645743238411
323419816,102000,NaN
39104808,33000,NaN
1536054971,3610.6,1697.3809367506294
212971414,5139.90243902439,1520.3035191184367
332755212,8450,70.71067811865476
147974365,3619.5,1770.1740834489374
1380767576,977.725,169.21129069135992
9465511,1000000,NaN
17237675,63999,34176.01498127013
27309800,8981.636363636364,1553.8590201641377
53466788,4389.8,450.21683664652085
55707362,14986.75,3374.0481497255882
102606672,1434.3333333333333,464.54861076609177
94262384,739.0625,267.05985042622456
1139753,5349.25,1092.6117791786796
22970114,5798.925,1424.7358979285088
46348897,268333.3333333333,28431.203515386635
71499591,12897.666666666666,2593.1479582417455
81688937,4708.5,1613.2277892473833
439941904,39999,0
323192138,5521.75,1045.6580494646691
335080779,7900000,NaN
6807135859,1160.5802469135801,246.39525483445956
16855096,50329.5,10175.74480320728
215392741,6989.444444444444,1490.8328198466875
4390890198,206335.72727272726,47680.05101785164
51352999,14071.181818181818,4960.063665280554
63253706,3822.875,1570.1412527449334
66330120,NaN,-0
67319425,10429.6,4097.271140649591
416828455,649999.5,212132.74146274544
2506345646,NaN,-0
10714116899,340.7560975609756,59.55828258429085
25555262,12498.5,8657.36732500129
65417235,45406.07142857143,10706.986220107992
105351545,4221.88,524.7115334479827
170893265,3700,282.842712474619
207207466,150000,NaN
1428418448,16592.261904761905,1193.9311590957404
90994970,NaN,-0
417456880,11771.111111111111,3928.153810775631
51243561,2740.9,825.4542789680521
52492417,47500,3535.5339059327375
164204277,42500,3535.5339059327375
257839292,NaN,-0
11700921895,530.4716981132076,98.96087101118162
17527923,10267.6,3405.785852309988
21024661,304750,108183.10096005445
25687227,14677.555555555555,3469.1935191341827
113328574,20000,NaN
19364667,1737.6842105263158,522.5364477060778
31101391,1904750,3730306.097806631
67584747,5177.857142857143,509.4711076438089
119812659,267403.8,49080.849444564425
1193866,96273.75,65955.71561977526
1235488,1403786.9473684211,161092.62587456865
119095672,4964.714285714285,641.8467403479106
1286490,241866.66666666666,115816.46399943893
2222775067,4844.149425287356,404.68269306163734
63996592,10278.5,4466.690677796159
131311248,7072.5,4312.941550517676
2606191948,39429,16669.361547461856
69434624,4681.333333333333,1294.492468112503
82331895,5065.6,1961.0065782653562
243009946,251.14606741573033,43.08937607984071
99855478,18758.8,17492.949642641746
121259978,3005.6,807.6860776316502
172327379,45555.333333333336,21169.702320376007
3210189360,4655.789473684211,614.2552324575704
33337038,860069,NaN
51243190,19500,14849.242404917499
215718576,3047.5,882.6239289754159
346675113,2733.153846153846,679.0003058796185
553724913,1921.32,281.7014850274429
22151762,480.7551020408163,122.87892594817416
102618069,647.2352941176471,130.6030439163418
133360542,5405.4,798.0194949283597
268586231,172331,81985.7589889854
255800577,13599.888888888889,3770.918337900081
259425946,2166.4210526315787,893.0272059927821
52464382,3457,940.3430225189104
93136746,1999999,NaN
568920079,158461.75,55389.550241255536
17394804,1169.9,157.34375939543855
24826625,912.7857142857143,128.96980902603386
25556219,148499.66666666666,28226.20237179159
31313130,29997,NaN
67200878,1257.3,315.6129919286551
149599125,89016.45454545454,24510.51853537022
1974903936,2773.375,995.544063385874
8853117992,647.5757575757576,116.56812125937088
18482403,3079,1347.2373584487627
250654457,856250,187500
1744068357,56853.75,33660.09837948586
21070350,85000,NaN
12313606,3926.285714285714,1398.1171522546213
62720062,191530,2650.037735580382
100932833,10000,2828.42712474619
19043710,1214.4545454545455,128.4121206400421
22960435,14059.625,6373.4832803577665
52625733,1675.7692307692307,500.0365243070006
77359785,14389.57142857143,5500.561815461607
5162497,84599.8,31595.447460037656
1744078238,959.45,89.39484401011737
7592026396,362.05128205128204,50.12717968377966
133560053,15000,NaN
47256011,6815.6,2074.9140464125257
68848741,6903.333333333333,2075.1492155184087
61769697,3423.5,682.5707707943969
129471170,5248.571428571428,2879.7919981104455
28276664,8384,2175.8060575336212
439944384,337.06976744186045,62.71068783992919
6803398976,253.37704918032787,30.867547108263626
1016184756,3346.096153846154,610.3939345038044
1678362868,469.3764705882353,145.9866249965083
53917288,27002.2,4523.735093924046
67200694,11642.888888888889,3002.583198033172
928819079,1350.4810126582279,227.89976770948735
76692143,449.1636363636364,116.47186333829711
132123882,1402.1785714285713,247.8964917761456
51243302,33740.6,4457.015795350068
193696583,449999.5,70709.97101187357
16678138,7473.384615384615,2222.8880867362273
6807141494,1006.1129032258065,182.27021058539148
15884864,2329.2727272727275,1074.6704695774504
25308989,3557.5,1064.5060558104603
24123924,16590.5,13978.387757023851
334656210,67588.71014492754,10056.895299336042
158066632,3521.733333333333,1311.660205708054
13476999,13178,9639.279641135015
24826704,384.5074626865672,91.45032980942372
97852226,16665,7638.826546008228
125013830,61972,11894.556289888806
135472231,6497.571428571428,1446.0096653829642
120307951,170029.77272727274,19726.636012621584
250395898,10399.666666666666,1693.4936275837197
151786902,8990.256097560976,855.2668605412808
19704937,5162.133333333333,315.5020639884189
209994074,69900,NaN
241670187,669.7142857142857,99.63514392402867
2830437685,6000000,NaN
76698522,6154.75,3623.712587480782
77359855,44032.7,14791.439356375475
128160626,15550.363636363636,2781.0660643978695
398672264,NaN,-0
1028720,11640.885714285714,2422.1045633841627
2015363653,400000,NaN
6803410579,280.2584269662921,86.42357739248952
25975243,300000,NaN
173755801,13248,2703.260253841646
113329638,7777.5,3143.089642374204
146083020,16150,7736.709033346586
169454280,66472.66666666667,10408.676517241744
362051773,30338.7,2090.8097341567077
11647212,8888.5,1571.8983745776952
93709266,29285.75,5308.271732467573
32278866,3096.8571428571427,616.6712869839783
553879651,962.2222222222222,259.30889410913494
11999235,5318.418918918919,1079.3191284356235
48156111,2172.1666666666665,827.2098685742734
1241183979,344.4810126582278,53.09156598225895
55909280,750000,NaN
477860473,65666.5,10112.751035203033
130213380,80790.24137931035,7241.450464955718
202073256,4556.666666666667,1344.1230102437303
63721711,7300,424.26406871192853
10487228860,8486.888888888889,1176.6135139080764
67584499,4149.153846153846,976.977212814595
27004138,11699,3897.7561493762023
44113968,1075.7032967032967,166.80690729806219
27477255,1500000,NaN
33070696,2746956.714285714,196167.76021619377
25308473,47999.75,16812.653972033484
209994352,443000,92048.90004774636
260303960,NaN,-0
241543974,135750,89449.00782009827
20721282,23031.5,6932.447583646053
7636350,51483.303797468354,6082.3338624426215
2566017817,1130.6279069767443,171.72611406037475
12314312,5245.375,1002.3155957937742
380566976,790.046875,294.03063384768774
7893468574,16799.682352941178,1417.1005207798064
42781787,500.6025641025641,65.46841009687589
114385254,1116.4,295.1986901506622
8198278666,321.1041666666667,54.76147099625573
11600684862,NaN,-0
11631083376,1859.2,832.4831307377723
493492747,1502.0869565217392,800.9571497472417
98349022,7878.375,2278.1126234231706
77359568,2773.3333333333335,538.495434830541
553970961,65073.89655172414,4802.601133965292
67494312,8008.111111111111,1919.8725413848176
1743932756,39226.454545454544,11685.88008122312
6837513,5466.777777777777,793.4476190543435
18775619,1162.6,207.12239307782664
19264489,2905.1363636363635,497.66993225617057
136803300,3011.423076923077,353.7227421025442
243854130,486.85333333333335,103.0550487024438
3798231832,208.02197802197801,25.241050348799327
4390900302,2200000,1697056.274847714
29109054,8483.57142857143,2659.2804701737687
108150260,199.76923076923077,39.02508507303045
439942445,2189.076923076923,695.1175513943022
2544549379,152500,104602.42189675469
23301616,25890.333333333332,5216.100682821731
190786095,1818,438.027396403467
402303026,9744.8,5984.724989504531
12908119,1500000,NaN
1117744489,641.2205882352941,61.730963127137734
52491335,3630.3333333333335,776.6872386402822
91679217,1162.877192982456,192.29646662820986
93723594,9448,2830.8400873239025
76692532,183.88888888888889,32.0024451335002
12279887415,580.953488372093,399.20999089799795
87714679176829,3456.8048780487807,743.2890277283412
30394316,41831.75,12669.545619498178
66896638,6711,1268.412853398556
64559858,115000,NaN
52463255,5531.7692307692305,5237.6134061524335
140469106,4297,321.33575379448
243791145,14444.6875,1928.4606198986796
583651344,4366.6,2086.8600123417746
1230409188,750000,NaN
24487029,167333.33333333334,288097.78432562324
383507353,18585.875,3724.266924510111
144302847,1062.0545454545454,133.44376235117818
43704705,10000,NaN
193659065,377665.25,100317.98199546708
35686000,57600,19541.75017750457
162857268,2386.3125,701.862352958185
334656353,20660.17391304348,3937.8550997416432
493486164,249999.5,0.7071067811865476
11700905898,559.5853658536586,127.58741623094265
60357972,19941.23076923077,3830.9133191674227
25740835,3134.9333333333334,745.8774482554704
62129759,7625,750
97852159,26999.333333333332,5195.575168673179
153563617,256.01851851851853,52.89736974619522
69344084,6247.5,632.86056916196
306969564,203333.33333333334,15275.252316519465
19704809,44565.69387755102,5893.532087537721
26769281,168333.33333333334,17559.422921421232
51243280,32909.833333333336,2108.2990695503013
244160357,255015.5,77803.66624073702
327318405,1421.5833333333333,193.57660373906637
68259924,4562.285714285715,2103.839324844439
62350856,39843.142857142855,33122.99907653556
10748238,3693.257575757576,497.9216901854242
1241223847,1006.8421052631579,98.64693425895872
19398258,2040.5494505494505,199.01101386250872
98253651,123456,NaN
100933335,13428.42857142857,9782.562238615246
155671106,3481.6666666666665,452.2198027508304
102633300,10428.42857142857,838.1670193827435
215719463,191665.66666666666,166456.325624271
241511828,60000,NaN
96678436,11409.75,1775.0136853932518
1861997,76918.66666666667,24591.462873661392
115300683,3645.2727272727275,732.383518507768
7592037079,1426.7313432835822,535.7817449719037
153474594,3653.375,858.688750926517
628803591,NaN,-0
1376466,34594.2,3776.9383368013837
1744071203,567.109375,95.02983945532456
100932574,1559.7777777777778,385.6885977630716
1743912362,1970.3589743589744,360.76712762926144
2830432345,684.3421052631579,162.2920750951547
14515496,47500,3535.5339059327375
19112105,923.1086956521739,131.0786410706471
91294485,35314.28571428572,6248.3140583223385
553858732,474636.75,274264.1986010022
78005022,14412.5,9460.653166316442
24826656,272.95522388059703,77.64262201008306
2470988022,404.86813186813185,131.19851022114955
116776982,15760.25,5932.5927510659285
3581868178,184.21978021978023,57.02432272437245
628778816,NaN,-0
24015579,9566.166666666666,2768.7808448244264
169444294,110787.95454545454,10953.699611926178
243773554,4168.363636363636,1116.453785225996
136758455,27083.25,8435.285704507387
30380922,29000,13802.927515567124
74891367,23650,6197.042305272196
187845028,10915.833333333334,1621.1912184152327
1587175338,6433.333333333333,750.5553499465134
51243313,8962.444444444445,4283.710252547175
1081392,16196,1363.020848458795
22546563,1200000,NaN
24826725,550.6545454545454,109.40685505332803
26011378,3000000,NaN
66330165,37058.333333333336,19868.258814836627
29532608,9500.5,6283.60323911899
3267569146,450.7362637362637,79.1922885085319
1191142249,1565.1724137931035,325.0629351191733
1772531407,1904.0114942528735,184.30261353197892
152980818,876.0833333333334,196.99853153912443
207158727,5166.333333333333,152.6444670904692
2566105661,568.9545454545455,91.48304397768584
120759721,1956.1702127659576,1026.945308207771
225921650,13295.666666666666,15982.434816593706
65417509,3621,635.9635387673648
108149175,4800000,NaN
1117719397,4116.428571428572,1289.1843490029987
2041982658,169898,NaN
10161528810,657,186.99503431145666
1645055518,2145.1111111111113,704.8557378010845
74939231,61042.5,86206.92322835795
52541563,14510.142857142857,2191.0600500344904
49939639,12000,NaN
158069180,444443,NaN
264984497,6096.714285714285,1135.9469932301295
323476145,6845.894736842105,1198.93266860973
160189476,3196.4444444444443,903.1777387523332
184745025,499.7260273972603,126.55447446696758
30328933,3276.214285714286,571.7506420663616
1082935,2319.313953488372,289.98560863390145
57678134,3128,746.2932399533041
138932273,1030.7058823529412,255.4319174310318
52456325,25656,1137.0914650985646
439946249,1000000,NaN
295451740,9208.8,2247.0001557632345
64508400,15000,0
62253088,96153,51250.27538462598
1974973389,3251.5333333333333,1561.0320576648874
46363750,3011.6666666666665,1330.1910890294423
169602010,2940.3076923076924,880.885386473498
70476451,3513.9,401.48182468893356
102619219,1465.909090909091,280.37170133430175
115300940,2806.9032258064517,480.7881969459948
1560601706,137137.25,43024.19494017291
1743906481,54874.875,26615.931724318267
22960112,5341.25,1566.2833662314536
49939692,3323.5,1176.4943688773014
22314719,68996.66666666667,995.0041875958781
36883922,16125.285714285714,3958.272548906729
60662967,NaN,-0
64508973,3550.875,1012.598981052505
72082328,1018,0
169444030,109999.5,35354.63195254619
833771102,999.9,184.62613643904882
113325603,2599.53125,391.50912611755723
32567578,5000000,NaN
89622944,3151.4285714285716,1126.695146160199
21070090,13011.75,1471.014247608318
164174205,3533.8,1372.2628028187603
154415221,69483.1,12351.908421598486
188888052,500000,NaN
7212291640,956.9186046511628,125.33646153841775
25609906,6227.153846153846,909.445238057598
163492277,3298.4,549.2342548190769
15731113,200000,NaN
76692172,629.1666666666666,164.93647124884967
58247707,2784.5,1029.7250442067857
43245104,7383,4417.249068519154
20980138,317018.14285714284,89555.17697566599
22157580,27192.5,11041.47238822794
42840130,1062.9016393442623,338.7216017576496
15857936,1901.5,234.9687643596891
25926517,17124.625,9687.05877428379
69937602,26333.333333333332,3214.550253664318
76692582,396.4193548387097,83.00632967906758
116777969,6582.555555555556,1702.2496226399282
139152194,798.0322580645161,181.85021013111637
150182742,6335,1426.2810382249356
390972175,573.4835164835165,137.4089082214398
160199141,4475.454545454545,486.96105873803987
362032819,599998,NaN
51244757,6662,2069.925602527782
1272714,337500,53033.00858899106
17363660,6926.285714285715,3282.0941340494646
32204217,10059.8,817.6981105518099
114687236,9521.777777777777,4178.7070003105555
1034433,9011.08695652174,1601.4961729878912
6803404717,267.04,100.80010188755038
1230404580,627.7362637362637,62.40776931063688
35685322,48498.75,11845.941791038256
37347081,26783.2,7369.990583440389
119916824,129203.66666666667,48184.21401939297
64495874,3426.714285714286,536.2818644101608
53623350,69999.5,14141.428516949763
1086815,40627,NaN
8796225,165970.33333333334,52678.47523071765
162592142,5555.75,1006.5278187909165
23301877,6657.333333333333,1926.6218826712932
46355320,36000,NaN
124753681,5975.833333333333,2263.6375727147797
387254823,3469.8,311.96182102587136
63653372,142857,NaN
1563352,10394.052631578947,1054.2295625366971
136758649,665.7647058823529,200.03734945372224
259425017,70178.25,28286.181165308735
2225761296,61791.84507042253,5530.999402453379
2226807244,47220.5,8716.499469397104
22547702,6526,2151.4694978084167
21416138,174474,81861.6279339716
64647651,20999.666666666668,6999.642871842343
362029470,6866.428571428572,859.4644942818853
22850569,12000000,NaN
68352624,6764.75,2194.952903822768
98421766,615.4375,124.52422152349214
157361023,4622.25,1879.9233120238998
343585127,7021.818181818182,1392.5546896392843
383605854,1449999.5,212131.32724918306
1016143686,6934444,76995.4431898408
440739783,330713.5,71719.71949540796
52180878,2102.157894736842,341.95390578879267
1609384691,2377.5581395348836,538.4998696699485
9838329727,814.2142857142857,192.9352908490991
10467162863,2108.392156862745,298.85629178127556
114693174,1872.6363636363637,239.60437088136467
8853093338,2260.5925925925926,372.30872830728686
16171848,9542,1459.0753432029674
55620437,2281.8,552.4904825726261
96691219,10400,9883.06632579181
119917040,4774.75,2661.393792107186
135470963,36981.72727272727,8878.864387869759
727321432,4079.5,1685.5575140983274
10468915,1394.4819277108434,189.6093777554897
17696983,13497.5,2673.999065070891
38322945,12875,250
56935215,8999.5,10607.308824579399
134087662,5645.615384615385,1664.9542305251487
180660043,12499997.5,3535531.784612394
3016722037,177.0989010989011,122.08513012967221
4771632715,152.37362637362637,20.34625182607262
64560491,12589.07142857143,20374.23280090013
77359723,11849.5,777.1103525240158
115301218,1609.157894736842,1374.5986995466428
182774739,2326.3333333333335,345.7031481873815
189963585,579.5571428571428,392.653132159438
64493637,2514.125,358.3380038455313
100932509,1547.7857142857142,282.84221711091817
68358746,9117.222222222223,4843.276390465905
137714292,3615.285714285714,674.0098204738845
154818967,24425.5,4104.469474446932
19396550,22665.277777777777,2240.7196009463923
89624140,14439.26923076923,2331.9257888310653
33615415,23950.466666666667,4492.995339838394
387254417,5802.333333333333,1926.1921849424405
35685477,1634.0666666666666,209.7697604063855
50430316,14499.5,2728.3750789487453
52454955,2466.3333333333335,698.0549166553208
66330144,23312.833333333332,2129.1284993317495
128159108,468282.75,109082.70912591967
16986805,962.8269230769231,130.61029013208002
1191112079,2717.8,269.91114642839807
30391731,22000,NaN
4771699155,168.37362637362637,60.80691633754399
66416579,213834,93918.73011013298
136777171,12419.875,3011.309939805504
562478132,500000,NaN
24826840,174.72093023255815,25.056947451656498
494299198,25046.766666666666,6021.926668911465
49493376,1234567,NaN
183834762,6750.7,3269.4691057315913
73151254,3650,322.49030993194197
63043890,15450000,777817.4593052022
321353278,8460.25,3043.9313806326186
18821202,55005,NaN
74214775,6295.0625,813.7797792810206
29532089,2885,311.1032786712477
55610781,13890,4080.1960737199875
86494914,11540.714285714286,1538.218202367674
55907562,80500,112429.97820866105
323191787,231450,96802.91834443835
55224996,7873.25,4758.068718353217
105342986,6777.5,1728.8760800011087
88885069,7100000,NaN
8769448867,402.875,72.94055434451472
136172656,3587.25,729.9610067863704
155504056,3773,864.5200980891075
489171096,4783.279069767442,1127.5657794259487
24826683,404.4117647058824,72.08444394474809
1974902858,4706.428571428572,789.4111428026288
7248672,8891,2313.8300139235234
42846005,543.9375,102.01740825614806
44114473,12499.5,4949.040361524646
60888284,10478.5,5330.6725341805295
105342573,2651.4,600.8612984707869
152980324,200.6043956043956,34.31905176133679
628783410,1576.0689655172414,404.76976974875856
1743903423,135736.07692307694,14862.52507462464
11821652461,12024.082352941177,1199.1924287755044
14876573,350000,NaN
63707964,3981.1666666666665,690.5065115002482
76692291,537,148.68099083957247
102617886,162.75294117647059,25.30805719733622
124727442,3888.9,1744.3215459185144
1974896683,1749.8857142857144,440.7985248339635
116786741,290000,NaN
1173851,3154,216.3982019753903
7592004548,622.4629629629629,104.02298602349332
1049198,6449.583333333333,870.1206090501393
38971471,2890.2916666666665,364.08354024229425
53420165,8614.666666666666,162.00411517407
97852103,300000,NaN
67318186,1933.8333333333333,532.7691531876027
22969230,25250,12392.87429668087
124726369,3639.5454545454545,413.81429739349596
36883448,16850,12657.2113832392
64486485,9016.8,1610.0477322116883
99254164,7500000,NaN
292970740,47554.78333333333,6668.695423182494
62720331,900.1666666666666,163.67919473127543
4765323,351600,89546.21600603791
5785985,1254.561403508772,542.509184173209
22787189,25909.666666666668,4729.05290024687
51245692,8811.625,3381.7439684070027
153558902,2879.8,2434.59970988424
69344141,955.0263157894736,218.68346702076474
106701619,1820.9545454545455,735.3140875566762
54586667,2281.3333333333335,381.49639578900354
143627212,3748.818181818182,737.8923712270994
878908562,899000,NaN
67996263,1772.8333333333333,196.52865245545001
19112220,4232.333333333333,1193.5618403194142
27858204,2881.125,622.4870480580299
48039333,10497,1560.8190157734496
183468963,1397998.2,188465.09227758864
32203846,8248.666666666666,1254.035034066699
63646305,6759.4,1599.1474256268211
34394007,90000,NaN
55633111,444444,NaN
204162122,4223.642857142857,1553.4064110920806
18482375,3236.9024390243903,601.9437600340272
878899787,155951.41176470587,19712.98040802199
10467173753,2460.276923076923,520.0536483050423
2830505884,2642.25,400.8103269400854
9255011,6122.307692307692,261.51769399699185
15318156,6240,1741.3740879792929
6803403781,197.9102564102564,20.85957122334282
114706745345742,4531.274725274725,1120.3040466858797
67201161,44585.666666666664,2825.7594259478874
1250879150,767.5714285714286,188.90056009124862
50943435,2379.1666666666665,1477.9541828712643
100472063,3483.1428571428573,808.0056576888202
362080535,183333.33333333334,100166.52800877813
1285307,3251132.8,589060.0801774807
40893248,31196.285714285714,25427.91487528543
49048816,12175,5197.234841721124
78002486,3344.8333333333335,1564.4290225723462
108158379,1964286,757614.0043531402
139152118,1268.6666666666667,297.01978048608146
139577901,175000,63639.61030678928
5671970,2138.090909090909,565.2575438763209
18971358,1036.6666666666667,149.63065639545033
10159600649,16669.956043956045,2982.849148463737
67584629,12905.5,6691.5730337990535
57612224,3783.3333333333335,202.07259421636903
58261078,NaN,-0
569676258,1660.095238095238,474.98356863810614
8785277745,553.9387755102041,103.3979787365436
23726438,2761,2308.008611335755
54578891,8359.545454545454,2346.2662834229354
59805584,3380,297.09706606876256
2316681099,6236.944444444444,879.4585548354183
114384958,2375.777777777778,835.7578563462293
133553667,5256.75,3035.0245880387856
172309861,69284.75,7343.881821917188
904518348,1080.8461538461538,156.6959070539157
134210943426188,1442.844155844156,456.8769575502758
317593302,22293,9305.030789846964
3798248888,198.47252747252747,43.547761942579456
48159678,2178.3333333333335,1029.847561535201
1320952795,4057.785714285714,450.4788528489562
2470988571,216.8021978021978,44.074991593928665
321570512,670.4065934065934,94.19447707588546
48545806,127500000,102530483.2720494
75550883,2512.5714285714284,421.9568924044481
99641902,10000,0
148791559,122500,123743.68670764581
101078326,3855.909090909091,564.2675703149091
96079286,17166.714285714286,2734.28093620521
97886188,NaN,-0
183665698,10552.75,4095.1307235370573
323476300,2098.9444444444443,512.0080964688676
413196934,2583,743.8639660583109
323191979,19384.31914893617,2004.4260601759058
53041013,6420,9683.3851961565
10161498326,536.2,73.12253594588945
65079090,499998,NaN
97932897,NaN,-0
2397732794,57342.42857142857,9127.277813549574
64559699,127398,26901.896215694534
42781810,31500,4725.815626252608
88781614,2085.153846153846,465.5115190400495
60888225,3423.5833333333335,711.6654548992593
833773264,1916.0759493670887,625.9304616933814
1119645320,239500,55861.43571373726
2544538622,1699.7142857142858,497.0247191323299
16678098,27350,4667.976006793522
17173665,20554.5,13355.125776270323
26019070,1007142.7142857143,89389.57007525036
52501424,2429,241.83051916579925
42847619,24666.666666666668,9237.604307034013
96079422,702.4411764705883,320.5216076425417
149594188,22260.416666666668,3467.3000511821206
461492845,236111,19642.012167799916
116786719,1572.2142857142858,214.8248902000822
152980772,192.88095238095238,31.587096939382487
158068251,384127,NaN
399021751,5121.80303030303,545.4193085549155
23634704,20277.4,4092.4867501312697
151327351,7191.279069767442,913.0392816246135
36784258,23335.63157894737,3101.4373408062543
41452381,22327.666666666668,22504.11323884295
46363291,3362.2727272727275,748.9930695152113
66303534,4285.272727272727,831.3354426354132
124745962,27375,20377.172685793943
416832414,4319.7307692307695,1136.5114186031676
15727771,1076.72131147541,194.09852576698785
2566015124,135000,NaN
10467314620,2622.6626506024095,1314.7714470501155
45514606,102165,83195.51775786963
85754656,228499.75,45668.7602953777
102614621,487.77142857142854,83.07228805093071
185813692,80000,28284.2712474619
6803405665,289.36764705882354,63.92624117527126
60115606,11358.625,4342.105181903622
93716784,3996.5714285714284,696.9920748336758
233616117,7093.75,868.1080918243471
1241181482,2480.534090909091,347.55060654789213
48607745,13917.285714285714,2013.733656195684
128158617,2368.1,278.00057953576686
151784526,201666.66666666666,67144.12359494563
362051405,12923.964285714286,1866.2556389166944
323417020,2145.9,926.0680832081637
108147339,820.64,218.68830177522835
47597760,42374.5,3359.4643174172875
55917432,2132.0833333333335,332.52790951446553
111904118,6528.142857142857,1283.8055964684877
232503325,8055,3558.49405073142
402303179,5978.190476190476,1053.7095718957676
51242846,3731.846153846154,794.4248282199567
57028494,12383.333333333334,4219.202136265418
100933289,2423.285714285714,684.6560485104216
187846264,17137.5,6810.273227159937
6803402872,16258.2,4683.047625923387
60062169,2672.777777777778,919.1913263540101
63647492,1975.7272727272727,503.47120613919463
80597060,NaN,-0
184742903,5093,3157.372843477196
1076571965,62451.142857142855,12772.99985761518
38858257,175250,72903.47499719521
18803866,1299.871794871795,818.2873378840898
48607845,34000,12727.922061357855
335133696,38832.333333333336,3751.9107576451406
66303630,NaN,-0
100929295,139997.66666666666,103923.62580440183
356210196,2092.0833333333335,321.82249718900897
383507092,2751.3333333333335,629.0054129527102
2222775930,5765.828571428571,863.7762218831238
16895215,5408550,NaN
16924470,1670.391304347826,261.6784527778727
69964719,6392.25,1621.0614578108998
130106467,16251.818181818182,3128.0647953065745
42847923,5335.888888888889,838.3347249822776
2409285794,102904.82222222222,5480.227809538983
1560602573,8257.166666666666,3542.6151028112927
8331190,2300,574.8120763144448
34111862,844.2413793103449,108.80541450957753
34818900,48800,15839.191898578665
67995955,371.9761904761905,110.68070713306373
53920070,9078.1,3070.6393272049677
97078575,3380.1666666666665,440.86071118513917
54380918,14932,4902.789905466362
58419365,6732.333333333333,2362.4463309600637
76692515,289.02597402597405,78.32926018215369
163500897,1232.92,168.08750697181515
8785294898,440.71794871794873,64.05135633468731
23301681,68522,NaN
25880554,18100,NaN
110892321,14453,2258.6163906250217
50938746,11700.333333333334,2221.3358743482863
398674241,350000,NaN
1180433861,3375000,750000
23644960,270000,NaN
25740034,1450000,NaN
53130896,10656.9,5582.586944140583
74175019,600000,NaN
207207025,11350,15768.48122046001
102604869,491666.6666666667,87797.11460710615
306968119,65785.42857142857,21775.260104509605
398673908,479.7865168539326,54.42936872475448
44114352,7312,850.7106832917209
110891817,10278,6835.923639128805
553971558,379750,42298.26068696983
553707410,1509.8085106382978,399.99356724707206
97712291,50000,NaN
153563520,237.09259259259258,46.55379056310186
90821356,27950,2899.137802864845
387256603,388571.28571428574,61013.29285413763
10159948454,1149.3684210526317,365.2068227618604
1532396,2299.28,492.4582486532911
44856567,1781.3333333333333,1520.8518446362004
477858669,1085.274193548387,225.96461128375316
30390398,2051.6428571428573,618.752791091496
25545089,28684.333333333332,4975.087488190687
323419455,87000,2645.7513110645905
241671883,11509.9,2243.806807389818
406000562,6015.1463414634145,1049.3344214542763
135470796,1790.1176470588234,709.227209922263
23172653,1678.375,288.0701624227349
10467139030,2326.1739130434785,309.55309135637214
27052155,2711.2,332.50724302888
10537487639,262.8196721311475,47.65588742807521
105341547,14980.95,3981.871695894294
238983270,20815.35714285714,3250.6059744389504
321346616,70750,94398.75528840409
928911381,658.625,125.48784549544473
14404355,150000,NaN
16412796,1987,297.79041847133584
362029970,76675.66666666667,4967.426530240114
102623976,2949,267.8488379664918
138932314,9400000,600000
232492903,3855.0289855072465,8292.75418126645
259424866,87398.4705882353,27497.906570586532
563294861,1536.304347826087,274.22658759477264
23301644,8170.666666666667,2148.3338350141644
456226536,7413.5,1682.243098397275
29715001,2139.0476190476193,479.67723275036474
120749494,6698.25,2460.4390287681817
131311508,16653.666666666668,3979.939781788999
2041985255,4685.363636363636,3338.061541455678
6807137300,21227.714285714286,4814.203662576179
25308781,548000,45077.71067833858
27724716,43135.4,25423.63353850114
49491808,3002.222222222222,620.2122172647396
52462233,2756.75,1051.1331583898716
63687750,2587.4166666666665,1106.5899674498257
88885497,4199.285714285715,1454.649065844372
46839155,1648.1666666666667,376.7229309010359
98346415,4033.5714285714284,1188.2883849109548
262399119,7542.333333333333,1677.7987563074025
121925647,8284,1097.3829980660555
1191119857,1236.2340425531916,247.9169928376236
54933878,1696.0714285714287,626.5816251431517
96080771,2431.4545454545455,404.9509510141601
286524574,450000,NaN
3271938,49727.75,1229.5344308585534
32711023,9834.142857142857,5602.118540593116
29051524,22694.428571428572,13565.816892188284
63993845,4755.881355932203,719.4966651751275
69938512,6063.4,970.4946276112105
63690289,35000,21213.203435596424
34764447,218762.375,38242.863528236034
53459092,4137.428571428572,478.9153916726339
54694329,4352.444444444444,1026.5098770970387
177433041,6492.75,832.5133632561101
23999354,693.7692307692307,106.92113708082172
24826811,222.36363636363637,45.548050116151956
24830979,719.8703703703703,132.24563284814894
191261930,6906.25,661.6994894101962
395201183,8033.6,1621.6179574733378
553720598,8329.833333333334,833.2603000517164
1230406650,NaN,-0
10467322128,1018.7654320987655,135.14235749802305
138844851,405.30232558139534,164.14749965073142
190247659,2484.015625,575.8549060031156
76066769,NaN,-0
97926244,27500,17677.66952966369
152980606,234.88571428571427,72.95751053651229
24440014,4382.428571428572,1382.2013670401352
149599156,1027.8333333333333,320.208989726162
298071907,24777.6,2957.584960740773
116778405,1252.578947368421,232.426646920766
5161514,5492.714285714285,877.6525026136002
33810096,601.4597701149426,240.90255699636816
55615103,14000,NaN
67239941,6850.222222222223,1744.7923069650567
74937900,16506.88888888889,6527.110261142453
113329394,3779.75,1060.9511568130067
149598968,10998,NaN
153028011,8265.615384615385,3617.3431672629004
259425258,6953.846153846154,1476.829591058373
46839188,18642.714285714286,10201.081882399954
8769478056,689.2857142857143,156.6214917138343
1301378557,1544.16,315.196457255894
40811356,10695,1303.7488255028268
156485890,20417.555555555555,6344.31933132135
69344020,3641.3333333333335,523.9949109167633
323417812,2700000,NaN
382881373,1150000,NaN
16598538,6635.636363636364,1910.1215810899196
48159731,5976.3,1057.3090634036746
119917063,2466,357.83236298579817
59848474,28425.777777777777,4852.799572869711
78033496,2694.7272727272725,1058.6145748958015
163496075,24357.14285714286,8168.610070029691
1191150083,940.6461538461539,381.0664488793766
179547632,4912.916666666667,1811.9154334236432
76170471,39999,NaN
134822899,4350.258064516129,1496.091952783249
155670995,26263.666666666668,2929.6721090706837
69228932,1573.4285714285713,225.96301846604393
77359927,4878,335.09252453613465
152980754,787.6491228070175,94.5153976926644
11123556756,1332.7142857142858,444.6527773858775
2620506513,51704.25,15574.344983307994
22151798,11333,1258.8355730594842
23962538,277500,10606.601717798212
104642550,18030.125,3433.7156233652863
1428409936,69280.8,31992.575014033668
10159617728,3868.4175824175823,1406.2079668063493
136803374,3474.8,377.881756932274
62134823,6221.875,1070.3369879888965
86494893,2145.8333333333335,478.04305571838125
48156452,8283,NaN
250395756,1595.6410256410256,376.16111380067247
1678356850,403333.3333333333,105039.67504392487
1285300,3202.714285714286,466.32661760370735
97926163,3954.222222222222,978.6438036611912
94116435,354.8961038961039,71.08641598260684
22946161,157683,NaN
6815676017,571.4878048780488,172.83191319838272
553723613,6376.5,873.4217194459959
169448080,30000,18027.756377319947
628771505,154385.1971830986,21759.108901541324
1587175771,99322.57142857143,26736.357853786187
119040562647325,789.6813186813187,67.2067918394627
57013875,137500,53033.00858899106
1180419124,4000000,NaN
6548058,11001.57142857143,1401.0079729465285
17614445,6399.714285714285,2614.4980853110674
76692331,1213.2439024390244,181.49322750182003
76692790,261.2413793103448,65.88967662527587
153563580,277.2105263157895,53.62626516726176
380754227,48830.21212121212,5982.942982750921
1117746294,1009.6666666666666,147.09918908196414
136172584,3193.375,500.83642539256266
33872761,2993.0833333333335,2727.559497170696
187846091,3017.133333333333,1588.9883064690057
357832740,16015.8,3732.0909956752125
745788688,964.9736842105264,109.34781769522604
122276806,9620.222222222223,1595.2938426648693
1241224444,862.7045454545455,142.55665206725988
2830496106,2026.5333333333333,334.20969396507616
45201887,7482.285714285715,2224.267948058845
45941295,3299.2,1095.7194896505218
67996003,2100.7391304347825,434.18579918343755
35246042,628.9795918367347,130.62039302815597
21802112,2194.3333333333335,431.90160916579134
128158439,2990.866666666667,577.6271494740563
62684484,10122,1940.0961316388423
16954081,25000,NaN
1143116,14633,17431.793183720372
24126147,63247.153846153844,23648.25420211167
60674654,13958,6966.241131341923
102611450,157.0879120879121,16.931002695022297
1744051187,399999,NaN
18171366,536.6363636363636,101.81147555665777
21272995,31236.30769230769,6210.712390494016
31149244,19567,3711.094609411083
51346471,698749.75,220241.30516379073
90994633,60042,NaN
439946101,301473.0625,80208.37117364476
120757139,495.0263157894737,94.13833605810903
121389847,105333.33333333333,34428.670223134286
139618317,4099.188679245283,566.5630203456824
51245739,8192,170.5637710652529
67571288,68937.5,26258.629533926556
67200948,9290.583333333334,2154.4905518193364
66303576,2680.6923076923076,289.45534618641517
1016185535,2906.9803921568628,336.3528795890458
20011840,7633.4,1423.918786697862
66330231,44330.333333333336,20154.93700974197
1744249207,1547.8333333333333,269.0033878876537
110207471,8664.180327868853,1188.8104349614466
99254358,NaN,-0
58339489,50000,NaN
71499731,25092.571428571428,6397.97514471422
96079316,30000,NaN
226189871,220462.58333333334,63739.14897235213
383606760,2950,370.80992435478316
17739050,72284.5,39195.635987951515
146134358,9898989,NaN
2620478831,538.3846153846154,81.4247804528503
144506778,594.7083333333334,137.89614213056416
1340199684,624333.3333333334,65393.67961304314
22547636,4300,700.7365512699579
73829193,387036.6666666667,291882.31534016127
100933389,577.9733333333334,245.19109884935656
557057917,999999,NaN
1229958370,804.3584905660377,160.4660393425761
31046644,321429,NaN
1402442557,1665.939393939394,294.95867712634123
323191430,5776.4,536.0176155785614
112609138,5756.714285714285,373.2040167190569
1374328,4974.166666666667,622.445247161777
2799053,3500000,707106.7811865475
57603998,5835.5,2339.8049277664154
119085466,1093.655172413793,143.51447774929878
1744233582,1559.140625,440.29405279493307
20573103,6599.4,1416.7884026126758
30394594,30918.55,10835.57250072284
1090029941,1462.4642857142858,372.98063519813496
11441821,8802,1362.2973243752629
6807133411,512.0322580645161,99.41995177634617
44559754,7749.285714285715,2251.556847626823
55617090,9150.25,3186.271387867464
62721575,2818.285714285714,843.7323260935533
40893465,47500,31819.80515339464
8795521,3500000,NaN
16437015,1890.0422535211267,267.01682325917324
66416616,21000,2708.01280154532
154414770,3161.4347826086955,347.37454584182507
116693694,3175.375,1026.4556127763149
260303894,9605.217391304348,1872.8159875759704
127505604,2513.4,678.1429052935672
583159170,5418.416666666667,2795.8593883986673
152980639,280.1940298507463,49.61037245099424
16954107,35793.25,4487.142852446406
140484519,1850000,NaN
116770724,1222.9,161.05654631560654
17521857429,254286.6,40845.14509146537
5786047,1571.857142857143,244.48108311278398
26777611,1669.3333333333333,550.7567246044025
26421759,6097.142857142857,1430.3871770225278
52553970,3691.8888888888887,796.7843880944903
53898421,10000,NaN
302502491,18888,NaN
362082707,4942.3,1071.6075203999726
24533767,5250,500
22499928,17752,NaN
73232825,3766.6,340.04087989534435
15595872,3024.3846153846152,340.2220541849781
31616411,149523,105223.76028255215
34871016,29499.5,16264.16307407178
39247441,1625000,741057.802513857
152173424,117500,24748.737341529162
187483689,381.6470588235294,70.72931396770178
2528066922,148.67032967032966,14.983735586039021
2568801198,6455.880952380952,1027.4896047751633
33384642,24187.615384615383,4309.985064522876
20641998,49000,NaN
50943405,9499.5,706.399674405361
53039427,109422.63414634146,11573.142571825721
62245191,14500,NaN
80293435,4447.833333333333,2380.010791292062
3016590511,146.93406593406593,13.31899412101396
37816777,2500000,707106.7811865475
102606919,185000,47637.52022653293
522586178,89105.22222222222,122950.46607148118
66747287,1338.25,395.6642696601682
76692866,208.27142857142857,33.960301388435504
35246020,25000,NaN
1016184964,3076.9761904761904,383.23879635161677
91679561,14321.5,3299.91651409547
1286496,10910.42857142857,1917.3544356080938
98348459,13167.636363636364,5384.762302511175
1241182524,1144.9464285714287,222.5074805396526
80273693,3619.6,382.91030281255166
49048854,2214.5,349.62708705133247
100928653,10528.333333333334,4033.8846124631114
489170175,1086.9142857142858,140.6822653818194
17925914,1483.96,751.2704506367864
35685137,16666,5032.163351879587
90249069,854.4583333333334,165.38860145957347
116777149,9686.57142857143,1490.0104985248545
268197771,2014.3333333333333,383.0877737859072
241543635,982.0714285714286,172.66840799891312
293316320,20070.714285714286,3666.235235801544
1191129536,602.0185185185185,142.049352404432
16641209,41331.666666666664,10265.963585233163
71484026,2028.967032967033,152.80426481464235
172307617,18055.666666666668,18289.78666724501
22151828,2167.8125,356.0691353749531
1532389,3145,471.2319144979246
2620506085,15297.392857142857,2691.596749546505
553718984,2027.9545454545455,548.1874442432752
128159389,1661.8727272727272,282.7603392055
7319168,1569.591836734694,233.34933740061513
10159622004,2854.5164835164837,1103.7887012229726
563291875,2733.0408163265306,490.45629091624426
1532381,1363.4137931034484,386.1075458286367
120756377,3385.1111111111113,1666.8088855987992
119917015,3217.714285714286,2044.6256905080973
74174927,2241.6043956043954,327.2508341088048
356210746,5208.333333333333,638.5204251496841
134522901,28755.021739130436,6350.073978533655
34126856,2340.1428571428573,412.1676016721012
568918670,2641.3076923076924,349.9488973682169
439945864,495374.75,156611.55795018238
31252891,26000.75,2321.5501977154877
158068171,13499.5,4949.040361524646
76692637,378.44776119402985,321.67197123505355
507783603,2561.402298850575,480.3247075113007
467134564,10000,NaN
1744048439,5443.186046511628,968.1229569639719
2470750640,16939.813186813186,1762.5435339751211
71597072,59768.53846153846,15227.472993547904
5832475,1161.3472222222222,176.1312058731108
1184599,61625.25,35546.76580325457
28878110,5800,809.3207028119323
147971190,11625,176.7766952966369
31151864,339.11842105263156,246.54762715576953
343585234,40869.22222222222,18291.194341661903
35686181,1018.7692307692307,380.0084806213272
62674732,84848,21428.163897077135
493489234,2346.5,892.754943357296
19381787,285000,NaN
15177020,77150,24253.76259469858
64560136,165000,35355.33905932738
83704165,1800000,989949.4936611665
1032641,29891.542857142857,4138.039208460488
335134238,10081,5944.407764165128
11700927610,794.1346153846154,177.96056280967264
55628694,5679.8,831.4687005534242
97078419,350000,0
95354259,23696.777777777777,5953.846042218797
97926101,4003.777777777778,791.3199065134432
181356054,17995.875,17055.96590586833
553878047,534.7884615384615,78.99822200492659
11401261753,4764.7959183673465,941.0038075461367
136613436441070,181.3956043956044,23.732246754564468
6803407328,202.28235294117647,34.284388979987554
42846048,420420,NaN
11297766,41115.666666666664,11133.043900928444
99254203,NaN,-0
45941397,16105.375,7195.235704220238
102605392,211530.83333333334,161115.42439681763
287426148,13933.333333333334,5967.132197854064
121925071,4262.666666666667,961.5493202317265
32858948,83500,23334.52377915607
141742418,96445.37837837837,18279.21540735292
68358847,8252.833333333334,2162.5316105589454
82332313,18441.8,2227.1149947858553
362081939,3789.25,481.3978900778737
136803262,2050.548387096774,690.4083737764521
302282031,2161.5882352941176,482.52371170020365
67319708,2951.6923076923076,967.7508619315362
20044751,3678.156862745098,479.57553617961037
26020654,8882.4375,1936.3214254095315
435115951,44908.1,18694.071475262477
835095880,6918.8,975.0415341001318
507795810,288332.5,58926.743610180936
11814935276,41714.142857142855,12202.472432920735
1138390,17142,4040.4081476999327
78635484,12533.2,2008.2496607742773
4786877411,158.36263736263737,35.05694303828066
9731869178,242.58536585365854,24.676149938562634
332747438,3124.875,832.9293294494695
1744094169,23737.5,2491.778146892964
244097060,10405.166666666666,1959.8797327047055
1744356057,16833.333333333332,2020.7259421636902
1029025,528151.1272727273,76207.4166583723
118281463,10999.833333333334,1643.2894348430123
17449403,1468.8533333333332,189.35221673374193
136803120,91666.33333333333,102510.4384944935
31765091,1000,0
707981077,24254.333333333332,18774.749598862832
62729995,4351.166666666667,1808.2610891866989
141740195,30715.555555555555,44844.265829398726
8795504,76123.33333333333,32418.397453709316
1073690,216423.14285714287,39728.57960995052
73151293,444444,NaN
162200696,3841.6530612244896,804.8078329385119
536826524,3103.2,430.3024517708446
123375593579461,168.98901098901098,17.96199352057592
67201116,8000,NaN
128158708,25000000,NaN
153689274,4939.9473684210525,831.2068517579465
10927612825,736.375,146.7603056060708
24826771,950.7272727272727,237.73321085926244
43704842,32000,NaN
64507797,6022,990.9783045051995
97756645,NaN,-0
549058243,7691.8,2360.129382046671
128992838,129801.07142857143,24095.90385227722
11401152997,2329.315789473684,508.2438819383253
99033296,4000000,NaN
118277164,5431.166666666667,2064.5927847075964
241512134,17348,2074.3119341121287
244160970,18455.909090909092,5043.299246615165
904541305,6324.333333333333,1736.0156489310036
928908332,3735.7912087912086,296.47370190601373
27398610,2222.03125,651.2100639417608
100511988,1111.9259259259259,255.14127699192704
111902100,2635.125,602.4178515425508
138761013,10800.833333333334,4528.227993858945
332772333,2776.1857142857143,377.2696837617811
76692739,235.28571428571428,80.22452963576355
8198290657,341.953125,63.38454813643715
362029620,300000,NaN
24125295,3107.7894736842104,754.239173600889
36839669,160000,NaN
139578207,9832.7,4029.9573488231035
445115703,1000000,NaN
128159229,566.5824175824176,95.8219489973248
8274214179,596.921875,225.56879109018803
28998459,3327.7272727272725,1187.34797687191
78033596,44000,2828.42712474619
1191152570,569999.5,98994.24225933547
14719555,196000,NaN
76692249,311.24675324675326,85.25675707812131
76063064,6535.375,3576.3993040686687
42800436,3316.1666666666665,1485.4249784713688
63245697,5118,1790.4429619510363
188668491,13163.333333333334,4038.5682281389445
250395444,1911.021978021978,139.51495164971294
417458345,90000,0
45093148,3481.25,970.4062109682287
119101643,10688.42857142857,4981.480096555737
124127383,8176.625,3179.4571837553235
147144571,65382.6,14621.479969171687
17735316,400000,NaN
166896278,5976,2176.8817147470368
253153907,692667,1072001.0419237008
258184056,45000,NaN
398674411,10504.21978021978,1045.2182845085815
1223107595,123974.8,47765.20883655802
17204526,8351.615384615385,1405.9250536249278
57983479,254750,289560.2268958912
66896542,5155.428571428572,457.8288825688979
68233678,279000,NaN
362051999,50405.114285714284,4209.733635358925
22597302,242833.33333333334,188451.8063944555
24485058,5602.272727272727,1041.5100662892405
42847558,24666.666666666668,10503.967504392487
16678095,8560.2,2705.013530465236
136217608,555.955223880597,111.41438251585166
147983227,3060,719.7221686178633
9838284017,973.8666666666667,115.76871512761491
6379764,502.72727272727275,61.767403387321714
19112087,3341.6153846153848,310.63041771574206
46357082,41982.730769230766,4576.67505123702
101081225,6012.5,705.3371534238076
346675875,63142.42857142857,23912.813865214208
37754408,10820.5,1758.7716357351987
10628294,12155.454545454546,3343.178019897725
527365852,1011381.7333333333,341758.3947240395
20418682,84249.5,8097.536705690194
32858699,4820.818181818182,1702.5251726880176
149594212,84500,54447.222151364156
77443491,767962.3333333334,375975.04073586233
24826640,234.85897435897436,66.05934450429399
14129301,2853.6197183098593,361.3888829896278
125861106,2926.923076923077,474.81056951491394
439945661,511464.0169491525,46602.93642424023
102627792,38000,7071.067811865475
330296924,52862.653846153844,11907.485332990533
209995252,110786.01960784313,11772.056132197464
96079550,333333,NaN
233520425,11128.933333333332,6628.904687230081
74939534,903.452380952381,702.2796400288639
84012460,209277.66666666666,21289.164347293216
323192193,16813.714285714286,1728.266958926971
2565909803,94000,NaN
88143060,8138.25,3560.343873841402
147986375,3916.75,469.61618066550596
1556235379,157.87912087912088,23.5191813750371
236440696,3214.3333333333335,424.25492622271634
553939167,10235.2,3997.1594539122407
193696364,419999.6666666667,72111.16418650675
19327404,1551.764705882353,146.01435263860398
151787490,1020.75,269.7005494314692
323476069,82749.75,17726.773543146537
67200851,8592.75,3494.070536876247
9470887,4346.384615384615,755.1776520487389
22823649,6914,651.6481668303328
416833339,1000000,NaN
26674400,38840.230769230766,18052.345190001615
31312357,5000000,NaN
35686056,500000,NaN
554658475,19669.714285714286,2249.3901884244583
64220933,100000,NaN
82331933,85000,14142.13562373095
13753760092,852.1348314606741,127.85113778169337
3339364587,716.1052631578947,102.18325348721817
51243161,6871.125,2208.7317910964202
33097647,911.6486486486486,166.05574971078846
45084008,37811.916666666664,9960.636192335338
1609402609,1186.043956043956,101.07817789413323
52489477,3679.8,2257.640405379032
81154592,1150000,494974.74683058326
1279019,19595.785714285714,4339.494656480911
116778440,2931.3125,1131.699472401279
25306182,19185.566666666666,3377.0276533165033
100929398,75000,35355.33905932738
8853127057,676.6666666666666,116.27054906428431
138859529,63259.86666666667,25163.194837093397
24826787,180.77777777777777,26.115249563825877
24389601,4284.863636363636,1058.8656686893785
52550492,41243,8229.307078970865
46355702,24367.5,3530.3019779553642
51243520,1490.3870967741937,489.14106195925086
18017365,59772.11111111111,13046.111014823962
1402319378,1302.75,329.23897495828004
1532387,2155.25,363.29712956177633
48039013,1983.28,295.4937783798916
147971127,758.2903225806451,112.53893949751706
20721136,3215.8888888888887,1754.3117265716855
14492461,1462.7692307692307,234.1961976086695
293316452,25000000,NaN
10161556185,743.3157894736842,125.80542853133649
65554735,7500,NaN
67200745,49995,NaN
18482382,3193.3,662.8354999545513
16899436,6513.612903225807,791.5796482369343
1365767,313398.5974025974,29274.670826168473
108147416,63053,18091.16644940287
64485985,5389.5,530.5795887517725
9527968627,375.3333333333333,51.2297166785816
37821996,3977.4444444444443,1542.5176750292937
17999992,666666,NaN
140481297,1801.56,276.3144464796101
152980504,518.2727272727273,111.68912784806442
25267538,187500,3535.5339059327375
1532388,25880.352941176472,4929.439838120256
114385498,110000,NaN
154414843,6458.428571428572,1894.8000648391076
142283157,1552.85,230.04754803947458
188004281,1057.764705882353,258.6253393936305
48039359,68749,18662.082824093704
63239668,807.276923076923,142.51310331118546
16385361,274500,105358.91039679557
135470756,3092,371.0857942129645
402304145,10905.552631578947,1184.425752008084
3016210752,148.15384615384616,14.831590217372796
82332418,30716,NaN
182509980,132877.89285714287,12974.375932581384
406001532,54013.6,8623.510004632684
89609550,10025,2822.9712479348186
398676450,1250000,353553.39059327374
1193534,8157.2,1340.2264982705972
23261769,13794.470588235294,2638.769128723823
46839229,6380.571428571428,457.48546685217485
52539791,4250,1060.6601717798212
65979823,6300,2160.72904363319
1929751013,1062.7021276595744,173.2250251643819
18776718,35843.7,8030.26184781321
62332732,149555,NaN
3798243238,194.74725274725276,37.109026576829706
14861078,3505.75,922.7048838234135
64560336,99053.61538461539,7840.283982297894
67995863,7249,2453.7677151678395
493482011,2017.5555555555557,1905.4744696837556
21802000,5054.444444444444,1287.0422595151172
69344107,110000,NaN
68258723,1204333.3333333333,517200.47692682315
29283289,1053.8823529411766,194.42379045301436
204490997,3805.3636363636365,977.9416416869947
10161543780,1003.4761904761905,113.12454156707952
1425150624,250000,NaN
51245193,3564,858.4165655437923
334663683,8499999.5,707106.0740797663
156095442,1690.6153846153845,200.03605444250064
64496525,11500,707.1067811865476
62803186,9894.7,1623.1918521508444
90716909,10839.8,5255.88434043216
144507154,1116.6666666666667,340.34296427770227
273968642,5612.866666666667,1048.7233644951825
1139755,7544.466666666666,1321.9749223181564
259423513,39722.11111111111,6610.361193695176
321570597,4901.7692307692305,1690.234508080962
1114768,NaN,-0
21719280,9083,675.2725375727937
106622910,2148.5,148.14013635743692
119812765,17682.3,9807.420717101017
3798239844,154.7032967032967,14.266896030472864
9838436229,2161.714285714286,472.1022219143942
11452955059,3553.48,600.7181202527521
583147959,2459.8888888888887,469.76738785574554
102617707,450000,NaN
160207626,3658.6923076923076,2263.16291888938
65969704,1930.4545454545455,480.069237430678
283749923,2615,723.7711424660883
18426536,2319.509433962264,3544.8851593780187
46138556,1243.72,312.64710137789535
128158768,12531,2848.2906151885954
319655275,23500,707.1067811865476
1772530315,2822.3333333333335,405.4832507843779
24826800,171.67441860465115,20.956785710243395
72644629,37950,NaN
74891470,2650142.6666666665,240531.51213247157
125378389,6912.5,1930.6195033373785
250395631,5999999,NaN
1149615185,1853.24,329.2399757512036
22547523,17861.875,3454.718861313361
99130630,737737,NaN
55271090,7375,NaN
1016144971,25283.777777777777,7601.601916336085
24826823,229500,28991.378028648447
259425810,2320.705882352941,1029.1249781189042
439942851,3384.25,1241.2809915567063
186957762,2124.8125,396.20065938864866
62139501,16085.333333333334,8372.326160233686
99119240,367899.6,144242.2628784643
151789690,17082.55319148936,20670.185821726856
857265983,2679.9565217391305,711.7393214232856
362081769,9737.587301587302,863.1564848018605
102618732,169.2967032967033,18.061311940470684
155661985,17698,16572.347661088937
11394133357,1223.56,184.9599235870661
327318670,7529.465909090909,710.753848605275
430063272,2956.7,1571.9720134630613
503947022,4053.6666666666665,695.5969073186457
4773569689,153.24175824175825,19.75535969994566
42846134,9559.166666666666,1469.0786795358058
64444871,3750000,353553.39059327374
241017426,10044.444444444445,3007.1211777674966
18448414,446.8354430379747,100.69978616071649
64570331,4529.173913043478,574.9486658645679
2566024668,425000,106066.01717798212
139617823,1957.5555555555557,1791.9881766900212
175134718,37975.07692307692,10684.576699317095
74972442,5027,2240.200809451391
4390848511,91674,39183.514016313886
483306493,17920.444444444445,4143.604050555238
10857332979,619.2333333333333,215.1073001427721
80293983,12405.75,3390.1251083109014
174794956,1451.0833333333333,115.53547926804549
250394028,36000,19798.98987322333
22432792,3521,513.9871107333335
139152232,4055.5,1100.0761012636483
2830413360,1236.4347826086957,385.23131493676
13334984,2088.879120879121,199.85121327654593
51757158,4360,1803.4906629723846
60662839,27780.11111111111,16291.258871281589
439984032,4399.178571428572,732.1325549668776
554663025,7291.09375,828.8930963163873
146082923,55374.25,17029.636022869912
69434631,3165.8333333333335,186.12083888341647
292969458,44052.166666666664,5910.529778683623
567531362,1807.423076923077,250.98694178624046
1191812,7159.791666666667,1339.1712225872377
27171057,2463.866666666667,371.67187269469423
12565866,217868.75,63751.307716652635
186956843,1232.5555555555557,497.2295270942576
215718515,2806024.846153846,214364.83793051125
33873132,3930.6666666666665,973.4230448486537
298084718,214984,NaN
241017568,17666.555555555555,7280.001152319811
162069243,1847.2058823529412,292.17084867048976
67798397,6550.5,1378.4748300723002
143635868,4029.3,981.5444802283117
53524217,37709.4,13175.0218233005
98346834,2175000,NaN
66416590,NaN,-0
35685368,33666.333333333336,9500.50526375659
66330295,362500,NaN
74970701,4412.166666666667,857.7233625515087
102631634,24259,22583.007837752702
6512277,1650.0459770114942,260.957891464022
25872570,9179.666666666666,1484.0039242060056
192557792,2103.5882352941176,561.8803990954842
833772556,374999,176775.28108307451
37238566,6750.833333333333,2232.3987472373
835094544,4820.311111111111,411.1130027256509
1125510,4046541.5555555555,1406410.7226312049
553971858,140880.13636363635,16659.34351960872
1530795,819.4651162790698,239.79568176313782
110706148,284.6046511627907,67.51788940626685
162200666,4563.648648648648,506.05847357660025
162067330,2916.5,1068.4725078353677
233520257,223750,61871.84335382291
293318274,65500,3968.6269665968857
317590827,7993.333333333333,1852.8768847389726
878912595,1758.448275862069,798.1302966579767
6803412842,318.45054945054943,42.41180751113322
1051578,1385.3636363636363,207.19094464306963
1428417334,47967.142857142855,15368.101036764121
583141755,1476.7037037037037,441.2802018267039
315550913,1830,277.48873851023217
835095003,4992.846153846154,862.7349440647499
36466277,190000,NaN
293316227,3075.3,408.4169163379749
76692318,571,280.0054370474249
1230403652,2976.858823529412,267.53304882366433
4390896732,607500,214689.69855739857
11844853,1119.8241758241759,81.85930930655671
21392863,44094.25,22190.391941108206
59190543,29227.533333333333,7076.236831483107
88777059,250000,NaN
114020557,7668.166666666667,1680.5466273408383
334656546,94540,69567.34866300426
880499904,22515.625,10720.189083320445
4765718,6108.188888888889,501.25581381804636
5013628,10375.3,2165.43847497196
18729820,1059.7666666666667,238.69525851340575
154727201,3635,595.8651972831886
15926904,6496,1878.030528683351
1180428350,1410.0869565217392,233.30589230919406
10159934779,821.3125,225.31273636141094
101079008,2113.6875,432.0727565300593
833771311,1111.4722222222222,296.64153317826083
8853111709,2307.0434782608695,662.3792842515031
135470904,46237.25,14103.589733012757
161211371,300000,NaN
10161512424,1375.7333333333333,294.0810060089534
114385354,15300,21496.046148071044
121391807,NaN,-0
402302006,16892.933333333334,7838.626569446849
23306097,7149.6,2694.5780374670912
71597060,41366.61538461538,8125.824044159129
568891763,1459.3846153846155,799.5997476301856
20048880,3271.5384615384614,2201.933113402275
74175056,6117.428571428572,1906.3779668211002
20573086,1500000,NaN
21439893,9097.833333333334,5134.904961794977
33172050,4700.133333333333,772.1541173576561
92142710,147500,NaN
129533515,1767.3636363636363,269.9106123077854
2180163807,3587.375,1197.0634232511302
24826693,289.73493975903614,100.01598461725874
67995931,11677.5,2566.7090885907865
564449640,5874.722222222223,312.7550654446677
1974905841,2688.7,699.9415928013804
83704154,46500,20522.345544958225
94265084,7714.384615384615,3832.411545803798
101008467,3939.8936170212764,695.6698440459336
241671482,14192,2958.2437357324025
49939702,3998.6666666666665,905.1006850069223
44561064,4128.125,2508.612390346504
61963621,5938.857142857143,1006.7850529567584
71484089,NaN,-0
16733641790,10275.416666666666,2527.260836501505
22157971,765000,NaN
58364249,2467.1666666666665,323.47699557567717
60662873,16485.4,18752.080972521424
17981849,4957.666666666667,3490.838046467735
113299590,17183.733333333334,3692.0430555194675
376812961,28402,10745.194646910777
2222728373,32036.875,15655.022684999762
382881237,1150000,217944.94717703367
891980433,110000,NaN
28455752,27129,9790.072254585253
37820239,9421,4001.063033744907
628769409,1075.1527777777778,176.58598509796963
49048671,837499.75,778219.3082074722
120756198,1478.6923076923076,330.7636075848794
49763737,60630.64,32300.11160826951
163995329,24820.6,17996.806002732817
2528067691,150.02197802197801,18.9008982866941
21070012,69000000,NaN
46839333,10097,1798.0051909454173
188003914,2000000,NaN
46363684,3815,468.0598252360482
315549204,4000000,NaN
362051899,72429.85714285714,16224.358089877438
4773588762,157.83516483516485,25.302289635640896
4773591735,170.87912087912088,142.99579132616574
1286495,2564.4166666666665,516.9706266200033
260304187,28888.444444444445,11280.159618896258
76807520,8296.166666666666,2425.9399346782407
230766388,2251.625,470.459634673521
26943368,1500000,NaN
37819953,12625,1108.6778913041726
42900229,27783.5,5426.5255612285355
101191388,1000000,NaN
321345425,6922,2845.8579549935375
24112667,796231.2142857143,83558.69555226927
106713287,332.2888888888889,56.39870993114671
110295245,2309.25,164.88129338736675
361950297,2572.181818181818,433.4763357038329
32858586,8657.1,878.9978447704585
152980796,360.1232876712329,104.81225877272703
477860100,1588.7428571428572,461.88108622796636
19397594,36544.307692307695,9195.97742117548
35685588,5302.777777777777,1637.3928039552527
64082730,25000000,NaN
115992039,2049.8571428571427,322.6713645860282
15929967,4204.255319148936,998.5007994180487
1532390,3932.5,508.0079634307822
16725702,17166.333333333332,4646.019837810998
153581866,621.8070175438596,329.1055756894354
16984917,6184.75,2068.5717569464114
128207293,7243.222222222223,489.58471631010343
100425940,6969696,0
151787372,10000,NaN
152980450,189.17283950617283,21.064063071649297
215724072,26699.75,2358.2055854681826
38322996,39372,11594.300302303714
102619387,1581.142857142857,343.7684228829468
1158416,18000000,NaN
52544038,12007.833333333334,13844.031514218199
76692077,224.95833333333334,33.981120483229724
1048338,444999.5,205060.25943731758
27858560,300000,NaN
48596324,4966,499.57496220001144
170903868,14037.833333333334,2259.4953787663885
24727929,16363.388888888889,2700.941690658995
62350883,61499.666666666664,1802.3596570422158
102627682,4749.5,212.83914113715082
113333065,2296.5714285714284,417.09118564512613
9063024415,2235.7391304347825,908.349012689371
113329705,4826.285714285715,678.3941121712153
73799348,2137,382.86308630781167
128206864,17224.85714285714,8889.725883609364
93068184,6136.333333333333,951.1102284523422
133553782,2936.4210526315787,453.8674936084165
136171998,1051.6,530.1370577501634
323191596,37663.57142857143,4769.962049364854
376806474,49584.230769230766,14737.242478122373
15432399,30049,15001.504206630028
22151837,7667.888888888889,769.859150176908
102607079,740.054945054945,167.5220955666819
293318142,2332.5,497.93322845538233
557060334,3335.3636363636365,761.7989594016617
25267790,937.5357142857143,223.81217484844206
2830411358,808.1666666666666,163.93545477819413
10161485821,718.0833333333334,130.05581299101408
23300068,7254,1870.68228788916
53429817,8650,6947.586890424617
57790413,4612.428571428572,1558.0218074150798
259426115,2641,495.57060266143935
19395368,1362.5666666666666,314.8737905174108
98253592,NaN,-0
440739240,112696.6,35246.34034619765
57229357,10937,3582.409859298626
554663566,3549.1724137931033,681.471630948093
1213472762,25962.395604395606,2085.179426754024
158066152,1864.3478260869565,350.5181370869095
82665932,62213.21428571428,8635.9535412098
111971346951906,625.4920634920635,113.13278994969741
25308748,500000,NaN
76063110,NaN,-0
110336757,71655.54545454546,7980.055239826465
440739518,123888.5,33783.44068474968
689381514,1811.6470588235295,271.564700963268
583722932,14699.61797752809,1831.1688300696337
15054210,30114.430555555555,3544.1307674122295
11453075278,660.7142857142857,73.92331218672552
64498308,20999.5,5657.561356273567
100425864,1186.475,220.35672890720525
147143881,2369.785714285714,618.1726393879885
153563680,318.5846153846154,47.16688864675499
121389389,951.1538461538462,106.18484125721766
236398601,15396.5,4111.09137983253
110295354,1868.6,314.10464230219435
158068446,27499.5,0.7071067811865476
259424300,2723.6438356164385,420.24524486248276
489176525,1171.7073170731708,182.44358633594646
553970606,116684.41379310345,11888.799390543116
1191150322,649.0566037735849,133.16883660260004
18821226,1147.25,198.265604682204
30378927,24666.5,9092.025819365012
835066252,36970.75,13342.089189050246
188003527,3182.4871794871797,582.2055556604003
1974901902,772.3333333333334,157.67664087277822
13121630,2150.5625,505.70755300535774
26943415,1113.7857142857142,189.2183448045723
131310899,10529.5,9227.199665481758
140493381,8657.09090909091,1384.8575706220083
1191109087,5217,1206.402088857608
23310997,95985.75,46774.96993318114
60039346,3992.25,740.4774923430601
94248837,3058.9444444444443,416.4716602493496
128208025,110581.63636363637,40572.843563824135
583635712,6000000,NaN
26343188,868697.5,185541.28384944412
14671091,1000,0
168167114,1172.5172413793102,240.3016884623005
293315415,2692.714285714286,635.4473201637542
22971409,20407,5719.717562957108
64499327,5164.125,713.8157900627144
78002439,1330.46875,240.38812492475313
162372650,17527.5,3627.493737855631
583722710,11609.235294117647,1190.4263506654004
71427264,22939.333333333332,5895.169265310935
99254437,495000,572756.4927611036
110706539,177.78313253012047,50.4334983993704
4390891467,468309.1818181818,120439.44136978514
1772529256,2017.0666666666666,285.3292708307243
24727799,2229.375,292.5273796709341
181644522,3680.2727272727275,599.3902052768448
406000421,26962.71153846154,2844.0111575340175
124472052,640.5176470588235,119.7390627040938
140479922,4940.461538461538,1732.0205741361067
1016167673,574.6511627906976,137.27145861967517
489196035,700000,NaN
6803395856,334.82278481012656,102.65897733779954
153563557,255.73015873015873,44.788105545574204
22972723,13814.055555555555,4872.381824507481
16722419,167500,10606.601717798212
47256194,18499.666666666668,1322.3087133242877
19112109,2691.25,575.0103187479914
31149956,3912.7,808.9590087129124
51242770,12096.1,5219.602740311438
188004500,2222222,NaN
142285694,125000,NaN
192465416,5225.8125,886.3533696180848
30371876,100000,NaN
106690067,1016.4883720930233,166.08680634693687
116043052,10718.431818181818,2357.172285024928
122277161,4501.666666666667,885.7007771627316
76692350,221.140625,45.655322604739716
139152348,1115.3953488372092,316.522408710579
67318983,411.97297297297297,91.35868989011179
201970142,5710.666666666667,856.7276502288615
376805769,287500,88388.34764831843
1016185809,4255.375,451.39732931536435
1380773753,1605.1454545454546,977.9571189982343
173783297,399999,NaN
11829480457,625.8604651162791,185.16113721057087
152980442,245.8780487804878,54.797582681635475
416832622,7333.333333333333,10969.65511460289
16641274,1916666,589256.1223933104
23962549,1713.4666666666667,419.83668026416905
6803423284,487.1758241758242,57.21821648674744
20258994,8841.4,1408.224429714399
24975496,31008.833333333332,5926.365848196234
135470884,5653.05,1102.7614369581959
139618147,131101,16465.273122544917
258183582,47833.333333333336,33302.90277638472
1469827401,1064.1818181818182,161.5185600577499
2830463943,115000,21213.203435596424
1172161,43648.181818181816,5028.754239716155
1402448461,1195.3157894736842,191.86694506563487
52564187,5646,1236.6570529725154
61895706,197500,45961.94077712559
158069071,7427.833333333333,974.850835520569
11721340,1016.6595744680851,263.228473796446
124730147,1145.4920634920634,186.73526828070501
119812715,4705.658536585366,690.2443628801361
145833395,3802.8571428571427,702.8419520232195
215762773,11312.534482758621,1233.4165957980613
17735309,944.7142857142857,104.75150742055366
61904706,3233.25,226.02857488969545
2566018860,78690.33333333333,17533.74511810488
85879447,5310.666666666667,894.39439473497
81688984,135000,91923.88155425117
292969932,130646.16216216216,18756.10027359027
7212280564,314.11842105263156,39.024767214428714
1609394530,34895,9879.603871950872
3064215952,298.15384615384613,28.292882134685023
15013035,1633.025641025641,239.19431510357379
44561035,3900,141.4213562373095
64511877,4440,2008.2330542046159
66330060,43812.25,33404.48217038289
419752586,1206.72,195.72334216098665
49929776,2178.6666666666665,155.7733396102598
105342773,2071.967741935484,566.62488966811
153955396,34679,5833.661371728736
11748356,2747588.714285714,812566.4909964219
273965627,1763.111111111111,566.4266619772527
315617026,47833.333333333336,10590.87657687817
9254521,3532.1604938271603,642.0811758802412
1028606,1417.888888888889,183.57782811734006
20721173,159944.25,47046.1096399054
51245998,221.57777777777778,45.408749782437255
61901074,17000,NaN
151787264,3204.3333333333335,922.7998954588277
2264398,121125,14132.5569755323
52502129,3107,477.90480223575906
70476435,12800,9127.97896579522
11700912778,540.0540540540541,133.9865138209286
280662903,20999.5,5227.619056511291
26421468,3654.714285714286,386.40467314535863
76692269,194.77027027027026,39.22486885780824
140483668,3330.8823529411766,729.124122008124
153581784,294.0377358490566,53.31436603340854
98341183,2800000,NaN
37819478,11990.542857142857,1516.216474217112
125861676,31999.666666666668,1731.7622046150946
835095306,4821.94,1122.4680061801137
24123795,411666.3333333333,59651.36209956427
50943378,2864.266666666667,1286.488491240881
60675871,68250,42523.52290203623
110706992,168.86516853932585,87.30109743807193
250394663,13616.142857142857,4704.5823912639125
386663459,6735.2,2256.7803910290722
156467990,13937.5,2780.6990428068025
71429414,2423.6111111111113,810.6808423199448
11530449367,394.72222222222223,92.32136762762408
158066212,13974.25,3632.416860714089
59175777,2062.777777777778,276.53335141433564
331486631,518.1686746987951,82.99865107295102
117410734,1328.0454545454545,373.54957308205235
111776247,337.6575342465753,53.50498916977592
13844730,97255.66666666667,95135.6878165777
94266158,4111.555555555556,1123.427357588277
14817131,4772.666666666667,897.7980470759186
116040828,8557.684210526315,1830.6178390135447
11821664799,511.6938775510204,90.55297806662513
146071355,179402.5,38943.99952495891
116055112,4029,622.5018945317775
114385449,8259.6,6806.73642798074
132720324,6175,2718.3021661814323
376812736,28064.666666666668,9260.565182536107
34818884,226581.66666666666,30201.81467837101
16987194,20184.1875,5526.341179222169
20945145,22085.2,4403.373936945559
98253626,300000,NaN
22787168,38842.666666666664,7439.403252277699
1117739716,9345.75,2741.0877776068123
8763364938,490.09375,231.48469857552826
987022351,603.2967032967033,74.41184112842592
20573078,1498.9120879120878,126.19082977350423
67574202,2187.5,165.20189667999173
96678344,597.5054945054945,73.87622886759442
26018282,4682,443.9714705548845
1532384,1118.5714285714287,364.6465077719134
67584675,8660.875,6346.472505877351
49491781,5575,1258.3416070368173
63990268,22206.666666666668,6057.478876012143
1492181189,13700,5232.590180780452
163491813,38666.666666666664,6027.7137733417085
387255786,4129.5,1597.354218700411
69939573,11784.777777777777,8592.278187095924
16598513,699999.5,0.7071067811865476
40892523,4036.5,1072.3096101406534
295456141,4483.1,1725.4454143141643
11235114092,234.82142857142858,34.820112862256195
22432795,6359.571428571428,1062.686980746268
16887291,2808.866666666667,1060.8963775079656
35167841,1477.7,270.4054774264423
100929831,9887.333333333334,2035.457196798793
102631707,178.25581395348837,38.51055960505367
116040807,3824.9444444444443,1507.4236093110976
1037673,11004.529411764706,1773.132683897593
9910420,732500,45961.94077712559
33615137,2148.1111111111113,1072.1986108511385
57033901,7250,NaN
74215671,15987.75,10182.971615234263
39998453,16911.8,5267.33653756811
10159911699,570.7826086956521,82.7647029078872
79402992,43625,10857.984773121269
120749528,7894.75,1589.7291548293017
1744060292,1754302.84375,108513.50406883642
51245885,1888.875,311.5098886300172
76692101,653.936507936508,130.74721646526655
99254241,1234567,NaN
110705006,501.3809523809524,78.99766973437313
16646369,149999,NaN
29844011,142500,3535.5339059327375
31157811,253.77215189873417,53.479914601865104
77359620,10250,2474.8737341529163
97101393,1868.7,286.4534284428564
878904755,20888.5,6841.670812016609
9910514,3845.9206349206347,1099.5876250724605
19296155,1287.25,150.90460562885414
51352983,1500000,NaN
241542424,5166.958904109589,448.6345778011124
1609387306,1374.516129032258,255.75937532085922
1086814,14186.942857142858,3924.562073305363
6552812,15750.60465116279,2426.110880945988
16598444,17372.615384615383,3956.5132911538312
439984665,4000000,NaN
153059612,8357.8,1333.7369305826394
346686597,480000,NaN
61459678,3895.4,761.0479908944275
100929604,19500000,NaN
113332841,5275,457.34742446707475
121260372,8978.857142857143,1984.2919627430317
93078804,16000,NaN
37747682,6070.645161290323,1397.2109253410788
321346744,154999.5,7071.774918646662
2705893733,4641.688888888889,1064.7830086715112
1191162539,2856.3837209302324,341.1142354318082
40493542,7515.428571428572,3553.77624774656
6807139994,263.39285714285717,34.938506342906564
60331861,4242,989.9838382519181
95245137,5104.764705882353,746.3994849787014
156105465,242888,NaN
105332493,2157,2904.8835941655516
1081240,18015.21052631579,2016.075273587752
18268645,8206.8,450.7956299699455
493496072,1135.1875,228.55523584755903
28502997,4696.777777777777,1019.9348971598356
29283299,2277.3571428571427,1329.372125197737
187845483,6360.444444444444,1420.662443291079
19400408,130000,98994.94936611665
67250863,2860.375,903.5381148573645
108830165,3940.425531914894,909.0965114662123
1180425924,21347,2456.8888185399574
56944284,8410.8,4073.8876641360644
82358339,7527.25,858.1240683413248
159229378,1610.6153846153845,584.154368428283
185894927,4168.5,1940.0001472753995
5808105,2703.576923076923,678.0521026043307
33732371,40502.28571428572,20021.9994815227
23301478,13990,NaN
57134043,13685.75,2575.4335418665783
6803401743,235.24705882352941,31.631398612000392
228449574,750000,NaN
76692214,438.7162162162162,104.28116895770533
207206653,56000,15556.349186104046
226189986,33175.333333333336,8553.200562752323
27319496,3654.777777777778,693.8938639622377
68358679,7577.833333333333,3249.028129745692
23658148,4373.5,1085.1438351007405
44561450,6971,1761.2885434628063
243853798,1339.5263157894738,232.1846411852842
867827055,64976.1,23001.658072728947
1098273,21336.363636363636,4659.540980309772
11297746,1560.6923076923076,176.9352481878104
28039679,3244.25,1428.2240800124023
63253701,108319.05882352941,19230.53163419627
69226736,350000,NaN
215751161,8517399.7,1134832.1219165267
507791112,2584.294117647059,995.8128255855681
99610601,100000,141421.35623730952
70437153,200000,NaN
111903483,2770,287.2461725356208
22070623,26017.533333333333,4833.349103094142
50453938,1943.8148148148148,405.6471597751157
183834914,75000,NaN
241542617,16272.695652173914,4217.77436392468
3377530077,1648.78,253.32219461727843
118279832,4414.375,851.493579932736
271015669,3814.3469387755104,719.7632003831887
17238307,6094.857142857143,804.2152341613175
51243169,2229.75,973.6547557185419
8198301926,366.225,65.62148159066392
8769466816,1191.9444444444443,188.40085893593678
1081300,12133.629213483146,1312.4158101311982
113325481,10690.857142857143,4812.245852287385
209983860,24913.714285714286,6347.79349365551
493476042,19999999,NaN
1678314358,22000,NaN
227695091,5700,818.535277187245
19399000,14500,707.1067811865476
23264604,17963,5714.141352058448
174794851,10304.75,1758.5792324108306
52504099,4866,231.22932339995288
1272713,938.6027397260274,146.18393471981602
53055197,2760,480.83261120685233
72069888,48020.875,13038.587800804415
17138062,35645,10721.198627019276
60115663,8534.5,1393.6038584496364
2606192523,72539.4,16850.88486433609
4390875496,3070.5061728395062,576.7987544078262
18010691,2362.5,394.22547770625795
24487396,3482.6875,595.2734630683055
233609198,11321.714285714286,17980.630909530453
286524947,510000,14142.13562373095
105344861,62024,32888.18073411784
416846000,900000,NaN
169284783,24043.125,14888.718868780195
72082097,1162.25,225.17071537797668
280896465,21749.75,9604.226513190257
17408283,1018.9120879120879,49.99792181273323
31541373,1349.1333333333334,183.68757118957126
52555336,4999.666666666667,0.5773502691896257
119812738,3215.1666666666665,647.4944670849785
144506837,3402.8,970.2044629870552
26424215,12360.9,2012.0775735713983
10749130,2961.6666666666665,555.6038006829448
24826614,364499.5,36063.15294729511
382880833,1750000,NaN
78002464,23817.428571428572,5721.048238948956
74174970,9066.666666666666,6651.566231597888
76692196,241.43548387096774,43.77911058407334
182774977,4383.5,2779.4284484404343
292969139,68630.93939393939,11661.277199934497
286513125,27788.846153846152,9781.96398008561
172307790,5698.714285714285,761.4387071602708
193811031,138020.4,27195.299360367408
335086410,46628.666666666664,15378.766156619979
220248530,180833.5,96198.57760642825
554650579,3527.2555555555555,345.1511820230884
4773579034,229.35164835164835,36.02510656206728
17449820,6666666,NaN
152980777,242.23529411764707,107.69943217564793
45513247,14999.4,4756.075146588833
68354853,7939.857142857143,2287.6174963318954
332744533,273.61538461538464,34.359785677371036
445116836,1903.15,1019.7008991288624
63990657,10701,2522.3161974661307
638089422,500000,NaN
4771629993,151.65934065934067,57.8924711628224
206136361,6828.285714285715,457.8393875169597
65082275,6160.75,695.9613854230707
1513251995,99999.5,0.7071067811865476
24826853,804.8846153846154,431.0749288331167
69567879,4215.8,877.0907592718099
878895806,100011.02857142857,10073.809053784018
10855932882,586.672131147541,107.0703384558449
110705572,210.37078651685394,51.06599607425845
162200633,16856.833333333332,3333.6836255337
402304782,70000,NaN
1081239,12204.52,1775.6596365477437
20945159,1338.6483516483515,141.39034806177727
63992958,17999.666666666668,2000.0000833333315
76692407,523,179.29150689434357
435115571,31354.852941176472,11455.610379178255
3210204459,8910.148936170213,1667.320969839411
7622285,85000,35355.33905932738
39247498,442497,201521.1899974789
53461320,3266.5,645.0138425978602
16985920,746.84375,92.09255841009157
46846024,5595.5,1590.1096302971177
1213029,30999.333333333332,7936.875980720206
102627528,45000,NaN
207207782,49999999,0
250394595,84000,NaN
286527185,3755.5625,633.3008730716651
9254254,8863.908045977012,744.6268400890617
9910070,20000000,NaN
89609498,14999.5,3559.026224498306
106712830,13531.666666666666,4322.095363748159
1191135761,3400000,964365.0760992955
2620416387,540.8777777777777,78.2915650855542
2830416348,753.4594594594595,94.19559868067513
11401257331,1184,345.186150157954
152187346,3186.3333333333335,204.00163398038424
61893436,5267.75,1016.4658310608801
135470710,56000,NaN
58809024,14410.4,4005.0700742933327
87967152274203,3902.0416666666665,555.7775828793438
152980589,165.16176470588235,20.064530443395867
93536867,4993.666666666667,870.6907219749922
93119240,34333.333333333336,36350.14901390823
209983989,9302,2523.865025445431
1594180,40001.1,5614.0325267236485
26733710,1759.4,336.3398413641906
330295337,12135.142857142857,2424.3439269605446
102613165,44491,62785.42531511593
152980783,313.038961038961,240.33865588934256
96095042,1807.1785714285713,244.79395017509734
16158562,4515.46875,532.6906131278419
2316714645,29359.14285714286,23638.878220348855
2830499980,82384,37963.03833994323
69947367,2512.4285714285716,178.61677519469546
46363235,2687.6153846153848,345.20658994809145
29715020,1280.142857142857,242.6524285025828
583153791,3611.3953488372094,496.5705790497979
153962038,5197.833333333333,891.7026444171879
362029747,870.8059701492538,183.4637474556866
25535420,1093.2162162162163,201.15860728610465
16744173343,7402.64705882353,613.2954978206336
62150694,3395.5,287.9428762793065
32861090,7891.833333333333,1254.9910623851736
71037101,54521.4,14282.914559010705
148834245,5239.6,1884.8714279759242
93131552,385426.5,177499.07788573357
271015154,300000,NaN
2830451846,75000,NaN
18213609,4458.2,1140.9673089094183
23727705,775000,NaN
169286712,1553.5,232.42334459152573
1229962410,882.4507042253521,159.66972955200765
96079349,2520.1304347826085,827.1779683383422
155508530,2502.8695652173915,522.6887918470509
161211433,1476.764705882353,409.1461428102073
73232803,33591.166666666664,20676.182601405577
20643315,10225.888888888889,1766.0633089193352
23551803,24100,7447.449039771941
71037056,10559.666666666666,2964.3144641593344
11700893543,578.5,154.08028846714186
44560752,21000,NaN
119916756,16499,2957.40680326532
82332012,111250,30103.98644698074
50430337,741,127.73348479257466
15095717,202925.66666666666,35701.52064455145
76692611,851.0845070422536,337.2326346891658
98219158,NaN,-0
163491866,1597.258064516129,349.42571625854276
302281542,2195.3571428571427,419.73829715102016
1744246930,67297.8,19697.7450283021
31313617,18000,NaN
46353878,5788.666666666667,1899.0485336961067
2569005011,10764.966292134832,1341.226723507576
19027209,3895.6813186813188,307.6579225597763
102611965,252.7246376811594,51.130135024145815
153563497,548.9672131147541,485.0808168822015
175134660,345.0879120879121,47.51669843367307
20643329,9832.777777777777,1668.41007981984
44014154,3346.2,664.7591293092559
57476524,15000,NaN
1532385,19260.11111111111,7638.6158504739005
148791414,1374.4285714285713,618.2670215126388
376809691,166748.5,60513.874516510674
76233968067050,24534.89010989011,2427.849548928935
13370505,516666.3333333333,125831.03750797469
557059780,3606.9285714285716,1067.7743541725338
100929743,985.0731707317074,191.08118565728842
147180077,11749999.5,4596193.370605778
141740648,1442.6222222222223,147.94165094689825
190204972,605.080459770115,80.48374361218956
24485062,499998,NaN
148816843,14994,5178.662375556067
34870758,5837.818181818182,665.4205915331773
98411325,143199.8,76711.93909816124
113327754,904.56,286.0407534828931
16413496,149274.14285714287,51443.558587473875
10856293131,559.2261904761905,77.94597313191589
16986649,24749.75,7410.566796811159
17109706,450000,NaN
43704873,2944.1,1092.5044062967334
139578571,172499,152027.9579551077
146082964,26142.714285714286,7460.45607887091
164204164,4765.625,932.6755688162239
493477472,450000,NaN
286511038,13979.666666666666,2258.273750751519
313544522,3227.153846153846,775.8454362987779
25309103,2442.090909090909,703.4504182308025
68603324,575000,NaN
173780221,131000,NaN
183834442,4495.833333333333,1727.6893721576996
58789949,5885.571428571428,3410.695278929838
19112054,110000,NaN
21070789,25043.416666666668,5322.686803730429
33171947,1500000,NaN
152980428,182.6551724137931,26.301838111647697
62718789,4766.666666666667,1965.5363983740756
87262381,18175.333333333332,303.68624159374315
94794774,1199998,NaN
71499623,1599999.5,141420.64913052833
243853512,52500,NaN
106689944,229997.5,81020.63260147293
24441888,18099.81818181818,4143.662650800179
111903124,3000,NaN
114549522,1689.4827586206898,491.89898939065404
6552254,94210.96296296296,10834.955161177611
153027826,9571,3433.7105294418748
11829528061,930.72,196.70614569733718
84418938,11571,2892.424530850661
110288865,NaN,-0
139578136,4740.714285714285,843.8052133610211
430063819,2309.1,456.7638461077137
1744198126,1581.8846153846155,321.009822519259
7212273948,256.77906976744185,41.78443311676243
658757624,2075.4864864864867,709.0211414189137
149591908,2907.0882352941176,616.1002657304695
327318111,5545.054054054054,907.0790405945261
1082932,3398.5604395604396,265.3681806593837
15973049,5114.615384615385,1636.2602451149357
116076177,52500,10606.601717798212
568921483,650000,494974.74683058326
1609401184,37957.1976744186,3128.2495794059255
2830454962,561.9325842696629,81.7796092824001
125378514,5649.75,1352.2944390923153
273964898,1846,392.1668012466124
34394424,20000,NaN
17450053,5139.197674418605,646.797373849073
48159815,16875.571428571428,7658.520937647227
20980122,14341.4,3070.362161048758
2878664734,668.1139240506329,112.38703585946296
53623322,25579.6,4338.730321188446
69499437,456549.8,242515.7241803096
6807134749,457.8545454545455,94.61411259970842
42847638,15333,4163.4921640373
116073602,1623.375,272.1932830422774
145834328,635.171052631579,127.86799319693151
287424705,5322.444444444444,1207.356938845252
9731852643,231.28378378378378,44.13941805894984
1048037,3625.978021978022,226.2012858801243
23705521,2700000,NaN
51241480,242857.5,60609.65774940492
121260153,53070,10465.438356800923
60674516,7034.941176470588,1145.902235718008
19107800,1604.75,201.79872071995533
23301787,48999.666666666664,29366.293607921765
24832637,1513.4642857142858,313.67469373869403
26380828,95000,7071.067811865475
45940736,4770,782.401431491533
80661504,647137.3333333334,182940.52519420985
182640918,21707.90243902439,2213.1047738965963
63653969,11763.833333333334,4710.864906433495
76059498,NaN,-0
2588169261,3728.5714285714284,706.4330251677218
321570401,33498,23333.109565593695
16723481,42604,5490.905990817909
10072631,2584.735294117647,430.8404266802641
10911965,5269.7,1096.02078751576
33872839,349666,43911.808594044494
18015836,145000,32403.7034920393
63692675,850000,NaN
182774911,21998,1998.5001876407218
102705454,16832.5,6306.182355435022
236399087,5499.8,1000.1250921759737
1136590,3253.65,946.2015071353792
67250704,3545.6666666666665,791.0706352785445
70437291,69500,30621.34331910778
145310594,17944.333333333332,2242.1561051809035
4255053867,163241.04444444444,9698.874355857337
532254782,30024.928571428572,23284.11676349446
1301384400,1052.9736842105262,221.28329486443334
1532395,926.88,163.99195102199377
1789547756,2151.75,526.5192304180351
32278846,8975,2463.5678733630757
16723499,14357,5426.269494321122
124126528,12199.416666666666,3654.997437092332
243854211,3198.536231884058,443.3351732874662
233609363,3094.1666666666665,943.9924611280891
1191162013,2893.4065934065934,260.49137234686884
29532260,51980,16998.847019724602
54528375,12072.75,3719.052959648016
17450902,13838.333333333334,2959.177295578396
169444515,1999999,NaN
1402447683,97855,2526.0789773876827
1051574,11407.583333333334,2908.117931156705
15013006,120000,NaN
1323367,352800,126201.0301067309
332746408,NaN,-0
13793909,1044.8333333333333,240.9650735410978
14860671,2505.4444444444443,473.1885859871271
42211680,4200000,NaN
57038857,NaN,-0
58438853,149999,NaN
66319941,93833.33333333333,14688.998150543373
105344365,45000,NaN
67312131,16202,7838.491901234209
93136802,824000,107480.23074035523
134087261,3168.52,476.98393753528705
277861858,3627.3333333333335,504.61222735879085
2830502330,20469.5,3421.6897141617033
10714092124,290.3777777777778,49.349997185635395
1272715,43212.0625,7559.720528068481
1279018,92999.75,10923.76615076809
188695491,8165.4,1191.4701702798382
413199286,1776.25,480.5656637160599
1098277,2025.1632653061224,296.5787098266647
8798254,3838.3125,976.0022348847364
29532225,3160.65,1198.5185713160533
63997108,17350.833333333332,2879.98336222046
163501040,2466.9,326.9439129609576
11821648884,984.9677419354839,190.62956816313815
323191683,8454.764705882353,906.9008717475524
56861526,11929,2549.697433030045
48039287,49527.166666666664,14514.435110146955
25609915,3829.3636363636365,1250.390600790591
62718352,55000,NaN
115363212,69000,NaN
136802867,437500,17677.66952966369
10159610478,7458.043956043956,1920.4553563736322
8853097484,1949.64,226.47569406009117
16598440,25714,2020.9111806311528
17450058,596,158.61109498409874
20052135,271496.8125,23600.3114081679
31156903,430.7901234567901,88.61556240996595
66896601,13239.666666666666,3436.007023663756
95954984,919.3333333333334,146.26733515495977
136803077,9564.98076923077,1441.395232165418
153955806,7670.652173913043,2782.5519452587478
121260788,4208.333333333333,255.35922410074272
250394771,900000,NaN
9838318899,1386.6756756756756,264.33155254276716
12279891437,638.5510204081633,433.4589110296619
91675439,864.8131868131868,258.226210567742
16853477,5586.75,1130.074739416233
55224802,1828.642857142857,545.9046346477287
71597048,10290,5137.854143511667
106709262,47480.38461538462,17489.240099455732
376805952,85000,NaN
10370321127,594.3466666666667,150.89189734602942
61771419,14001.5,2385.5863639784666
63995612,16349.5,8627.216642695372
64497156,8449.5,2051.316772222174
218674480,5527.833333333333,2333.741238155307
51243486,78607.11111111111,97197.08333001104
100932762,5343.692307692308,9961.859819367502
277859296,2652,489.033195873927
19364658,1263.78125,290.6743809938004
163355211,10002.2,2842.1499608570975
532181076,518.3333333333334,90.62950879911321
1180428959,480.7241379310345,69.70881123698624
1225163762,3870.239436619718,656.1535853482721
17449580,138484,2142.533546995239
145833203,5072,724.063705760757
44114719,14279.833333333334,3114.7828442231194
62152671,7305.428571428572,1228.46379096589
122278276,14915,2958.1660534865177
66416602,NaN,-0
20335699,6336.25,619.4989238623959
27319532,9899.333333333334,3194.526777682938
1191136166,11657.61038961039,1571.9373996160564
124730194,13500000,2121320.343559643
435116927,26799.8,7823.196290519623
188703010,46999,11334.350665124139
20577851,47681.454545454544,9055.74858709799
80274859,3910.222222222222,805.1842611753191
1031429,40000000,NaN
1532386,1183.9705882352941,272.80845597999513
15973059,14370,1614.1124496143384
22587828,15239.07142857143,2351.827847712227
149612243,5055.1,6855.868085888986
193696233,499999,0
6550129,143682.16393442624,16979.99961050287
14462955,2222222,NaN
116693735,117500,63786.75411086537
1309918,2162.9411764705883,247.9257450730521
4786883113,177.07692307692307,18.787839311184932
29283273,175000,NaN
56561579,89114.14285714286,14379.07739771658
127506324,13693.666666666666,3076.0661972720936
638087256,555555,NaN
21294489,28666.18181818182,4315.519848597196
304718708,76588.33333333333,11616.341262778627
33337041,1975.939393939394,281.68487927491105
113325566,2382.25,706.6208823892565
51245277,4353.8,3746.9513874615454
64489875,12723.57142857143,2909.5283613868223
162066176,20090.69090909091,2420.1763470544356
139589595,1376.45,242.12599482174784
145833294,77388.5,549.4219689819474
62720797,167356.33333333334,288077.86780718394
63241985,9678.307692307691,2308.774724993591
152980734,181.8181818181818,31.10073923335656
472605952,3869.777777777778,1082.728472168551
327319628,6770.5,2208.4843218823175
1185264,7333.5526315789475,788.5753043740106
19644587,1228.9444444444443,191.60881479852836
40497339,95000,77781.74593052022
